,Unnamed: 0,white,black,moves,white_agent,black_agent,winner
0,0,0,1,"[{'move': 'f2f3', 'evaluation': 798.8, 'num_eval': 3799, 'time': 2.3616130352020264}, {'move': 'd7d5', 'evaluation': -13, 'num_eval': -1, 'time': 0.0006699562072753906}, {'move': 'c2c4', 'evaluation': 737.8, 'num_eval': 6108, 'time': 4.976763963699341}, {'move': 'd5d4', 'evaluation': -58, 'num_eval': -1, 'time': 0.00043582916259765625}, {'move': 'b2b3', 'evaluation': 753.6, 'num_eval': 6028, 'time': 5.032442092895508}, {'move': 'h7h5', 'evaluation': -84, 'num_eval': -1, 'time': 0.0004642009735107422}, {'move': 'b1h7', 'evaluation': 683.5, 'num_eval': 7822, 'time': 7.913345098495483}, {'move': 'h8h7', 'evaluation': -757, 'num_eval': -1, 'time': 0.00031495094299316406}, {'move': 'g2g4', 'evaluation': 623.0, 'num_eval': 5017, 'time': 5.194066047668457}, {'move': 'h5g4', 'evaluation': -838, 'num_eval': -1, 'time': 0.0003750324249267578}, {'move': 'e1h4', 'evaluation': 696.8, 'num_eval': 5298, 'time': 6.175065994262695}, {'move': 'h7h4', 'evaluation': -1060, 'num_eval': -1, 'time': 0.00043702125549316406}, {'move': 'd2d3', 'evaluation': 571.7, 'num_eval': 5432, 'time': 6.508718967437744}, {'move': 'c7c5', 'evaluation': -1118, 'num_eval': -1, 'time': 0.00047087669372558594}, {'move': 'h2h3', 'evaluation': 426.9, 'num_eval': 6053, 'time': 7.588207960128784}, {'move': 'g4g3', 'evaluation': -1159, 'num_eval': -1, 'time': 0.0004019737243652344}, {'move': 'f1g3', 'evaluation': 401.4, 'num_eval': 6368, 'time': 8.256638050079346}, {'move': 'b8g3', 'evaluation': -1208, 'num_eval': -1, 'time': 0.00030517578125}, {'move': 'h1h2', 'evaluation': 460.7, 'num_eval': 4632, 'time': 6.231734991073608}, {'move': 'g3h2', 'evaluation': -1355, 'num_eval': -1, 'time': 0.0003361701965332031}, {'move': 'g1h2', 'evaluation': 431.4, 'num_eval': 668, 'time': 0.8172099590301514}, {'move': 'e8d7', 'evaluation': -1650, 'num_eval': -1, 'time': 0.0003020763397216797}, {'move': 'd1f2', 'evaluation': 420.7, 'num_eval': 1417, 'time': 1.4233589172363281}, {'move': 'd7e6', 'evaluation': -1818, 'num_eval': -1, 'time': 0.00034999847412109375}, {'move': 'h2g2', 'evaluation': 385.9, 'num_eval': 3107, 'time': 3.75799298286438}, {'move': 'e6e2', 'evaluation': -1630, 'num_eval': -1, 'time': 0.00029015541076660156}, {'move': 'a2a4', 'evaluation': 286.7, 'num_eval': 1622, 'time': 1.927720069885254}, {'move': 'h4h3', 'evaluation': -1941, 'num_eval': -1, 'time': 0.0004000663757324219}, {'move': 'g2g1', 'evaluation': 225.1, 'num_eval': 1738, 'time': 2.4011008739471436}, {'move': 'h3g3', 'evaluation': -2673, 'num_eval': -1, 'time': 0.00034689903259277344}, {'move': 'g1h1', 'evaluation': 220.8, 'num_eval': 325, 'time': 0.4802870750427246}, {'move': 'e2f1', 'evaluation': None, 'num_eval': -1, 'time': 0.00035309791564941406}, {'move': 'h1h2', 'evaluation': -10000000000171, 'num_eval': 158, 'time': 0.24255013465881348}, {'move': 'g3g2', 'evaluation': None, 'num_eval': -1, 'time': 0.00027298927307128906}]",minimax_iterative_depth_3,stockfish_350,stockfish_350
1,1,1,0,"[{'move': 'e2e4', 'evaluation': 49, 'num_eval': -1, 'time': 0.002439260482788086}, {'move': 'f7f5', 'evaluation': -486.8, 'num_eval': 4345, 'time': 3.020768165588379}, {'move': 'e4f5', 'evaluation': 137, 'num_eval': -1, 'time': 0.00044274330139160156}, {'move': 'd7d5', 'evaluation': -361.4, 'num_eval': 5398, 'time': 4.484352111816406}, {'move': 'f1g3', 'evaluation': 184, 'num_eval': -1, 'time': 0.0005381107330322266}, {'move': 'c7c5', 'evaluation': -176.3, 'num_eval': 7592, 'time': 5.982972860336304}, {'move': 'd1c3', 'evaluation': 140, 'num_eval': -1, 'time': 0.0006270408630371094}, {'move': 'h7h5', 'evaluation': 23.7, 'num_eval': 9418, 'time': 8.064241886138916}, {'move': 'c3d5', 'evaluation': 140, 'num_eval': -1, 'time': 0.0006620883941650391}, {'move': 'b7b5', 'evaluation': 219.8, 'num_eval': 5071, 'time': 4.658451080322266}, {'move': 'd5e7', 'evaluation': 290, 'num_eval': -1, 'time': 0.0013151168823242188}, {'move': 'e8e7', 'evaluation': 266.0, 'num_eval': 1236, 'time': 1.3701062202453613}, {'move': 'e1e7', 'evaluation': 667, 'num_eval': -1, 'time': 0.0003762245178222656}, {'move': 'a7a5', 'evaluation': 187.0, 'num_eval': 2979, 'time': 2.5986721515655518}, {'move': 'e7d8', 'evaluation': 892, 'num_eval': -1, 'time': 0.0005729198455810547}, {'move': 'g7g5', 'evaluation': 187.2, 'num_eval': 3276, 'time': 2.585659980773926}, {'move': 'g3e4', 'evaluation': 1328, 'num_eval': -1, 'time': 0.0003910064697265625}, {'move': 'g8g7', 'evaluation': 257.7, 'num_eval': 3270, 'time': 3.5991899967193604}, {'move': 'd8g5', 'evaluation': 1331, 'num_eval': -1, 'time': 0.00047016143798828125}, {'move': 'f8g6', 'evaluation': 291.4, 'num_eval': 489, 'time': 0.6265687942504883}, {'move': 'g5f6', 'evaluation': 1548, 'num_eval': -1, 'time': 0.00046706199645996094}, {'move': 'g7g8', 'evaluation': 291.4, 'num_eval': 306, 'time': 0.4025309085845947}, {'move': 'f5g6', 'evaluation': 1548, 'num_eval': -1, 'time': 0.0004291534423828125}, {'move': 'b8h2', 'evaluation': 250.9, 'num_eval': 1525, 'time': 1.739264965057373}, {'move': 'h1h2', 'evaluation': 1691, 'num_eval': -1, 'time': 0.00032520294189453125}, {'move': 'h8h7', 'evaluation': 120.6, 'num_eval': 1499, 'time': 1.7761521339416504}, {'move': 'g6h7', 'evaluation': 2473, 'num_eval': -1, 'time': 0.00045609474182128906}, {'move': 'g8h7', 'evaluation': 40.7, 'num_eval': 103, 'time': 0.14748907089233398}, {'move': 'f6f7', 'evaluation': None, 'num_eval': -1, 'time': 0.0003631114959716797}, {'move': 'h7h8', 'evaluation': -10000000000076, 'num_eval': 179, 'time': 0.2444007396697998}, {'move': 'h2h5', 'evaluation': None, 'num_eval': -1, 'time': 0.000293731689453125}]",stockfish_350,minimax_iterative_depth_3,stockfish_350
2,0,0,1,"[{'move': 'f2f3', 'evaluation': 798.8, 'num_eval': 3799, 'time': 2.3554320335388184}, {'move': 'd7d5', 'evaluation': -13, 'num_eval': -1, 'time': 0.000659942626953125}, {'move': 'c2c4', 'evaluation': 737.8, 'num_eval': 6108, 'time': 4.982936143875122}, {'move': 'd5d4', 'evaluation': -58, 'num_eval': -1, 'time': 0.00046896934509277344}, {'move': 'b2b3', 'evaluation': 753.6, 'num_eval': 6028, 'time': 5.037024021148682}, {'move': 'h7h5', 'evaluation': -84, 'num_eval': -1, 'time': 0.00047516822814941406}, {'move': 'b1h7', 'evaluation': 683.5, 'num_eval': 7822, 'time': 7.920904874801636}, {'move': 'h8h7', 'evaluation': -757, 'num_eval': -1, 'time': 0.0003180503845214844}, {'move': 'g2g4', 'evaluation': 623.0, 'num_eval': 5017, 'time': 5.196869134902954}, {'move': 'h5g4', 'evaluation': -838, 'num_eval': -1, 'time': 0.000392913818359375}, {'move': 'e1h4', 'evaluation': 696.8, 'num_eval': 5298, 'time': 6.163211107254028}, {'move': 'h7h4', 'evaluation': -1060, 'num_eval': -1, 'time': 0.00037789344787597656}, {'move': 'd2d3', 'evaluation': 571.7, 'num_eval': 5432, 'time': 6.520759105682373}, {'move': 'c7c5', 'evaluation': -1118, 'num_eval': -1, 'time': 0.0004730224609375}, {'move': 'h2h3', 'evaluation': 426.9, 'num_eval': 6053, 'time': 7.645960807800293}, {'move': 'g4g3', 'evaluation': -1159, 'num_eval': -1, 'time': 0.0004050731658935547}, {'move': 'f1g3', 'evaluation': 401.4, 'num_eval': 6368, 'time': 8.19700813293457}, {'move': 'b8g3', 'evaluation': -1208, 'num_eval': -1, 'time': 0.00030493736267089844}, {'move': 'h1h2', 'evaluation': 460.7, 'num_eval': 4632, 'time': 6.228409051895142}, {'move': 'g3h2', 'evaluation': -1355, 'num_eval': -1, 'time': 0.00037097930908203125}, {'move': 'g1h2', 'evaluation': 431.4, 'num_eval': 668, 'time': 0.8180069923400879}, {'move': 'e8d7', 'evaluation': -1650, 'num_eval': -1, 'time': 0.0003132820129394531}, {'move': 'd1f2', 'evaluation': 420.7, 'num_eval': 1417, 'time': 1.4208171367645264}, {'move': 'd7e6', 'evaluation': -1818, 'num_eval': -1, 'time': 0.0003788471221923828}, {'move': 'h2g2', 'evaluation': 385.9, 'num_eval': 3107, 'time': 3.747652053833008}, {'move': 'e6e2', 'evaluation': -1630, 'num_eval': -1, 'time': 0.00030422210693359375}, {'move': 'a2a4', 'evaluation': 286.7, 'num_eval': 1622, 'time': 1.9293091297149658}, {'move': 'h4h3', 'evaluation': -1941, 'num_eval': -1, 'time': 0.0004220008850097656}, {'move': 'g2g1', 'evaluation': 225.1, 'num_eval': 1738, 'time': 2.3927958011627197}, {'move': 'h3g3', 'evaluation': -2673, 'num_eval': -1, 'time': 0.00033211708068847656}, {'move': 'g1h1', 'evaluation': 220.8, 'num_eval': 325, 'time': 0.47855710983276367}, {'move': 'e2f1', 'evaluation': None, 'num_eval': -1, 'time': 0.0003440380096435547}, {'move': 'h1h2', 'evaluation': -10000000000171, 'num_eval': 158, 'time': 0.24196577072143555}, {'move': 'g3g2', 'evaluation': None, 'num_eval': -1, 'time': 0.0002830028533935547}]",minimax_iterative_depth_3,stockfish_150,stockfish_150
3,1,1,0,"[{'move': 'e2e4', 'evaluation': 49, 'num_eval': -1, 'time': 0.001338958740234375}, {'move': 'f7f5', 'evaluation': -486.8, 'num_eval': 4345, 'time': 3.0198757648468018}, {'move': 'e4f5', 'evaluation': 137, 'num_eval': -1, 'time': 0.00039887428283691406}, {'move': 'd7d5', 'evaluation': -361.4, 'num_eval': 5398, 'time': 4.476779937744141}, {'move': 'f1g3', 'evaluation': 184, 'num_eval': -1, 'time': 0.0006351470947265625}, {'move': 'c7c5', 'evaluation': -176.3, 'num_eval': 7592, 'time': 5.970664024353027}, {'move': 'd1c3', 'evaluation': 140, 'num_eval': -1, 'time': 0.0006530284881591797}, {'move': 'h7h5', 'evaluation': 23.7, 'num_eval': 9418, 'time': 8.05551815032959}, {'move': 'c3d5', 'evaluation': 140, 'num_eval': -1, 'time': 0.0004951953887939453}, {'move': 'b7b5', 'evaluation': 219.8, 'num_eval': 5071, 'time': 4.622726917266846}, {'move': 'd5e7', 'evaluation': 290, 'num_eval': -1, 'time': 0.0007390975952148438}, {'move': 'e8e7', 'evaluation': 266.0, 'num_eval': 1236, 'time': 1.3627347946166992}, {'move': 'e1e7', 'evaluation': 667, 'num_eval': -1, 'time': 0.0004010200500488281}, {'move': 'a7a5', 'evaluation': 187.0, 'num_eval': 2979, 'time': 2.5896031856536865}, {'move': 'e7d8', 'evaluation': 892, 'num_eval': -1, 'time': 0.000431060791015625}, {'move': 'g7g5', 'evaluation': 187.2, 'num_eval': 3276, 'time': 2.575326919555664}, {'move': 'g3e4', 'evaluation': 1328, 'num_eval': -1, 'time': 0.00036907196044921875}, {'move': 'g8g7', 'evaluation': 257.7, 'num_eval': 3270, 'time': 3.5877411365509033}, {'move': 'd8g5', 'evaluation': 1331, 'num_eval': -1, 'time': 0.0004189014434814453}, {'move': 'f8g6', 'evaluation': 291.4, 'num_eval': 489, 'time': 0.623082160949707}, {'move': 'g5f6', 'evaluation': 1548, 'num_eval': -1, 'time': 0.0003571510314941406}, {'move': 'g7g8', 'evaluation': 291.4, 'num_eval': 306, 'time': 0.40161705017089844}, {'move': 'f5g6', 'evaluation': 1548, 'num_eval': -1, 'time': 0.000370025634765625}, {'move': 'b8h2', 'evaluation': 250.9, 'num_eval': 1525, 'time': 1.7328908443450928}, {'move': 'h1h2', 'evaluation': 1691, 'num_eval': -1, 'time': 0.0002741813659667969}, {'move': 'h8h7', 'evaluation': 120.6, 'num_eval': 1499, 'time': 1.7741868495941162}, {'move': 'g6h7', 'evaluation': 2473, 'num_eval': -1, 'time': 0.00034308433532714844}, {'move': 'g8h7', 'evaluation': 40.7, 'num_eval': 103, 'time': 0.1464989185333252}, {'move': 'f6f7', 'evaluation': None, 'num_eval': -1, 'time': 0.00029015541076660156}, {'move': 'h7h8', 'evaluation': -10000000000076, 'num_eval': 179, 'time': 0.24448370933532715}, {'move': 'h2h5', 'evaluation': None, 'num_eval': -1, 'time': 0.0002849102020263672}]",stockfish_150,minimax_iterative_depth_3,stockfish_150
4,0,0,1,"[{'move': 'f2f3', 'evaluation': 798.8, 'num_eval': 3799, 'time': 2.350717067718506}, {'move': 'd7d5', 'evaluation': -13, 'num_eval': -1, 'time': 0.0007178783416748047}, {'move': 'c2c4', 'evaluation': 737.8, 'num_eval': 6108, 'time': 4.969917058944702}, {'move': 'd5d4', 'evaluation': -58, 'num_eval': -1, 'time': 0.00044608116149902344}, {'move': 'b2b3', 'evaluation': 753.6, 'num_eval': 6028, 'time': 5.030463933944702}, {'move': 'h7h5', 'evaluation': -84, 'num_eval': -1, 'time': 0.0004668235778808594}, {'move': 'b1h7', 'evaluation': 683.5, 'num_eval': 7822, 'time': 7.9128639698028564}, {'move': 'h8h7', 'evaluation': -757, 'num_eval': -1, 'time': 0.0002999305725097656}, {'move': 'g2g4', 'evaluation': 623.0, 'num_eval': 5017, 'time': 5.187956809997559}, {'move': 'h5g4', 'evaluation': -838, 'num_eval': -1, 'time': 0.00038623809814453125}, {'move': 'e1h4', 'evaluation': 696.8, 'num_eval': 5298, 'time': 6.181699991226196}, {'move': 'h7h4', 'evaluation': -1060, 'num_eval': -1, 'time': 0.0003800392150878906}, {'move': 'd2d3', 'evaluation': 571.7, 'num_eval': 5432, 'time': 6.513582944869995}, {'move': 'c7c5', 'evaluation': -1118, 'num_eval': -1, 'time': 0.0004601478576660156}, {'move': 'h2h3', 'evaluation': 426.9, 'num_eval': 6053, 'time': 7.587079763412476}, {'move': 'g4g3', 'evaluation': -1159, 'num_eval': -1, 'time': 0.000408172607421875}, {'move': 'f1g3', 'evaluation': 401.4, 'num_eval': 6368, 'time': 8.206697940826416}, {'move': 'b8g3', 'evaluation': -1208, 'num_eval': -1, 'time': 0.00032806396484375}, {'move': 'h1h2', 'evaluation': 460.7, 'num_eval': 4632, 'time': 6.231219291687012}, {'move': 'g3h2', 'evaluation': -1355, 'num_eval': -1, 'time': 0.00036525726318359375}, {'move': 'g1h2', 'evaluation': 431.4, 'num_eval': 668, 'time': 0.8164200782775879}, {'move': 'e8d7', 'evaluation': -1650, 'num_eval': -1, 'time': 0.0003190040588378906}, {'move': 'd1f2', 'evaluation': 420.7, 'num_eval': 1417, 'time': 1.4203038215637207}, {'move': 'd7e6', 'evaluation': -1818, 'num_eval': -1, 'time': 0.00037789344787597656}, {'move': 'h2g2', 'evaluation': 385.9, 'num_eval': 3107, 'time': 3.743332862854004}, {'move': 'e6e2', 'evaluation': -1630, 'num_eval': -1, 'time': 0.0002899169921875}, {'move': 'a2a4', 'evaluation': 286.7, 'num_eval': 1622, 'time': 1.9237401485443115}, {'move': 'h4h3', 'evaluation': -1941, 'num_eval': -1, 'time': 0.00034999847412109375}, {'move': 'g2g1', 'evaluation': 225.1, 'num_eval': 1738, 'time': 2.3928308486938477}, {'move': 'h3g3', 'evaluation': -2673, 'num_eval': -1, 'time': 0.0003597736358642578}, {'move': 'g1h1', 'evaluation': 220.8, 'num_eval': 325, 'time': 0.477402925491333}, {'move': 'e2f1', 'evaluation': None, 'num_eval': -1, 'time': 0.0003399848937988281}, {'move': 'h1h2', 'evaluation': -10000000000171, 'num_eval': 158, 'time': 0.24128389358520508}, {'move': 'g3g2', 'evaluation': None, 'num_eval': -1, 'time': 0.00030112266540527344}]",minimax_iterative_depth_3,stockfish_550,stockfish_550
5,1,1,0,"[{'move': 'e2e4', 'evaluation': 49, 'num_eval': -1, 'time': 0.0008547306060791016}, {'move': 'f7f5', 'evaluation': -486.8, 'num_eval': 4345, 'time': 3.0075490474700928}, {'move': 'e4f5', 'evaluation': 137, 'num_eval': -1, 'time': 0.0003790855407714844}, {'move': 'd7d5', 'evaluation': -361.4, 'num_eval': 5398, 'time': 4.47514009475708}, {'move': 'f1g3', 'evaluation': 184, 'num_eval': -1, 'time': 0.0005109310150146484}, {'move': 'c7c5', 'evaluation': -176.3, 'num_eval': 7592, 'time': 5.9901299476623535}, {'move': 'd1c3', 'evaluation': 140, 'num_eval': -1, 'time': 0.000591278076171875}, {'move': 'h7h5', 'evaluation': 23.7, 'num_eval': 9418, 'time': 8.02777910232544}, {'move': 'c3d5', 'evaluation': 140, 'num_eval': -1, 'time': 0.000514984130859375}, {'move': 'b7b5', 'evaluation': 219.8, 'num_eval': 5071, 'time': 4.618495225906372}, {'move': 'd5e7', 'evaluation': 290, 'num_eval': -1, 'time': 0.0006539821624755859}, {'move': 'e8e7', 'evaluation': 266.0, 'num_eval': 1236, 'time': 1.3682069778442383}, {'move': 'e1e7', 'evaluation': 667, 'num_eval': -1, 'time': 0.0003402233123779297}, {'move': 'a7a5', 'evaluation': 187.0, 'num_eval': 2979, 'time': 2.5882568359375}, {'move': 'e7d8', 'evaluation': 892, 'num_eval': -1, 'time': 0.00040602684020996094}, {'move': 'g7g5', 'evaluation': 187.2, 'num_eval': 3276, 'time': 2.571913003921509}, {'move': 'g3e4', 'evaluation': 1328, 'num_eval': -1, 'time': 0.00033593177795410156}, {'move': 'g8g7', 'evaluation': 257.7, 'num_eval': 3270, 'time': 3.5705771446228027}, {'move': 'd8g5', 'evaluation': 1331, 'num_eval': -1, 'time': 0.0004200935363769531}, {'move': 'f8g6', 'evaluation': 291.4, 'num_eval': 489, 'time': 0.6234869956970215}, {'move': 'g5f6', 'evaluation': 1548, 'num_eval': -1, 'time': 0.00033283233642578125}, {'move': 'g7g8', 'evaluation': 291.4, 'num_eval': 306, 'time': 0.40100622177124023}, {'move': 'f5g6', 'evaluation': 1548, 'num_eval': -1, 'time': 0.00036597251892089844}, {'move': 'b8h2', 'evaluation': 250.9, 'num_eval': 1525, 'time': 1.740868091583252}, {'move': 'h1h2', 'evaluation': 1691, 'num_eval': -1, 'time': 0.00026607513427734375}, {'move': 'h8h7', 'evaluation': 120.6, 'num_eval': 1499, 'time': 1.7714807987213135}, {'move': 'g6h7', 'evaluation': 2473, 'num_eval': -1, 'time': 0.00034689903259277344}, {'move': 'g8h7', 'evaluation': 40.7, 'num_eval': 103, 'time': 0.14682507514953613}, {'move': 'f6f7', 'evaluation': None, 'num_eval': -1, 'time': 0.00031304359436035156}, {'move': 'h7h8', 'evaluation': -10000000000076, 'num_eval': 179, 'time': 0.24363493919372559}, {'move': 'h2h5', 'evaluation': None, 'num_eval': -1, 'time': 0.0002918243408203125}]",stockfish_550,minimax_iterative_depth_3,stockfish_550
6,0,0,1,"[{'move': 'f2f3', 'evaluation': 798.8, 'num_eval': 3799, 'time': 2.2993710041046143}, {'move': 'd7d5', 'evaluation': -13, 'num_eval': -1, 'time': 0.0006680488586425781}, {'move': 'c2c4', 'evaluation': 737.8, 'num_eval': 6108, 'time': 4.8899688720703125}, {'move': 'd5d4', 'evaluation': -58, 'num_eval': -1, 'time': 0.0004558563232421875}, {'move': 'b2b3', 'evaluation': 753.6, 'num_eval': 6028, 'time': 4.9998979568481445}, {'move': 'h7h5', 'evaluation': -84, 'num_eval': -1, 'time': 0.00048804283142089844}, {'move': 'b1h7', 'evaluation': 683.5, 'num_eval': 7822, 'time': 7.923282861709595}, {'move': 'h8h7', 'evaluation': -757, 'num_eval': -1, 'time': 0.00029778480529785156}, {'move': 'g2g4', 'evaluation': 623.0, 'num_eval': 5017, 'time': 5.158941030502319}, {'move': 'h5g4', 'evaluation': -838, 'num_eval': -1, 'time': 0.00037789344787597656}, {'move': 'e1h4', 'evaluation': 696.8, 'num_eval': 5298, 'time': 6.111370801925659}, {'move': 'h7h4', 'evaluation': -1060, 'num_eval': -1, 'time': 0.0004241466522216797}, {'move': 'd2d3', 'evaluation': 571.7, 'num_eval': 5432, 'time': 6.473412036895752}, {'move': 'c7c5', 'evaluation': -1118, 'num_eval': -1, 'time': 0.0005750656127929688}, {'move': 'h2h3', 'evaluation': 426.9, 'num_eval': 6053, 'time': 7.570544958114624}, {'move': 'g4g3', 'evaluation': -1159, 'num_eval': -1, 'time': 0.00046896934509277344}, {'move': 'f1g3', 'evaluation': 401.4, 'num_eval': 6368, 'time': 8.138814210891724}, {'move': 'b8g3', 'evaluation': -1208, 'num_eval': -1, 'time': 0.0003037452697753906}, {'move': 'h1h2', 'evaluation': 460.7, 'num_eval': 4632, 'time': 6.212823867797852}, {'move': 'g3h2', 'evaluation': -1355, 'num_eval': -1, 'time': 0.00040078163146972656}, {'move': 'g1h2', 'evaluation': 431.4, 'num_eval': 668, 'time': 0.813744068145752}, {'move': 'e8d7', 'evaluation': -1650, 'num_eval': -1, 'time': 0.0003120899200439453}, {'move': 'd1f2', 'evaluation': 420.7, 'num_eval': 1417, 'time': 1.4163782596588135}, {'move': 'd7e6', 'evaluation': -1818, 'num_eval': -1, 'time': 0.0003941059112548828}, {'move': 'h2g2', 'evaluation': 385.9, 'num_eval': 3107, 'time': 3.739525079727173}, {'move': 'e6e2', 'evaluation': -1630, 'num_eval': -1, 'time': 0.00030112266540527344}, {'move': 'a2a4', 'evaluation': 286.7, 'num_eval': 1622, 'time': 1.9215140342712402}, {'move': 'h4h3', 'evaluation': -1941, 'num_eval': -1, 'time': 0.0004088878631591797}, {'move': 'g2g1', 'evaluation': 225.1, 'num_eval': 1738, 'time': 2.3826711177825928}, {'move': 'h3g3', 'evaluation': -2673, 'num_eval': -1, 'time': 0.00037288665771484375}, {'move': 'g1h1', 'evaluation': 220.8, 'num_eval': 325, 'time': 0.47708916664123535}, {'move': 'e2f1', 'evaluation': None, 'num_eval': -1, 'time': 0.0003521442413330078}, {'move': 'h1h2', 'evaluation': -10000000000171, 'num_eval': 158, 'time': 0.24168014526367188}, {'move': 'g3g2', 'evaluation': None, 'num_eval': -1, 'time': 0.00028514862060546875}]",minimax_iterative_depth_3,stockfish_800,stockfish_800
7,1,1,0,"[{'move': 'e2e4', 'evaluation': 49, 'num_eval': -1, 'time': 0.0009737014770507812}, {'move': 'f7f5', 'evaluation': -486.8, 'num_eval': 4345, 'time': 3.0030200481414795}, {'move': 'e4f5', 'evaluation': 137, 'num_eval': -1, 'time': 0.0004100799560546875}, {'move': 'd7d5', 'evaluation': -361.4, 'num_eval': 5398, 'time': 4.452331066131592}, {'move': 'f1g3', 'evaluation': 184, 'num_eval': -1, 'time': 0.000553131103515625}, {'move': 'c7c5', 'evaluation': -176.3, 'num_eval': 7592, 'time': 5.958057165145874}, {'move': 'd1c3', 'evaluation': 140, 'num_eval': -1, 'time': 0.0006470680236816406}, {'move': 'h7h5', 'evaluation': 23.7, 'num_eval': 9418, 'time': 8.045289993286133}, {'move': 'c3d5', 'evaluation': 140, 'num_eval': -1, 'time': 0.0005090236663818359}, {'move': 'b7b5', 'evaluation': 219.8, 'num_eval': 5071, 'time': 4.659051179885864}, {'move': 'd5e7', 'evaluation': 290, 'num_eval': -1, 'time': 0.0006711483001708984}, {'move': 'e8e7', 'evaluation': 266.0, 'num_eval': 1236, 'time': 1.357107162475586}, {'move': 'e1e7', 'evaluation': 667, 'num_eval': -1, 'time': 0.0003609657287597656}, {'move': 'a7a5', 'evaluation': 187.0, 'num_eval': 2979, 'time': 2.6058549880981445}, {'move': 'e7d8', 'evaluation': 892, 'num_eval': -1, 'time': 0.0004699230194091797}, {'move': 'g7g5', 'evaluation': 187.2, 'num_eval': 3276, 'time': 2.5666708946228027}, {'move': 'g3e4', 'evaluation': 1328, 'num_eval': -1, 'time': 0.0005061626434326172}, {'move': 'g8g7', 'evaluation': 257.7, 'num_eval': 3270, 'time': 3.5617549419403076}, {'move': 'd8g5', 'evaluation': 1331, 'num_eval': -1, 'time': 0.0005071163177490234}, {'move': 'f8g6', 'evaluation': 291.4, 'num_eval': 489, 'time': 0.6213550567626953}, {'move': 'g5f6', 'evaluation': 1548, 'num_eval': -1, 'time': 0.0003731250762939453}, {'move': 'g7g8', 'evaluation': 291.4, 'num_eval': 306, 'time': 0.40154600143432617}, {'move': 'f5g6', 'evaluation': 1548, 'num_eval': -1, 'time': 0.0004448890686035156}, {'move': 'b8h2', 'evaluation': 250.9, 'num_eval': 1525, 'time': 1.7281270027160645}, {'move': 'h1h2', 'evaluation': 1691, 'num_eval': -1, 'time': 0.0002830028533935547}, {'move': 'h8h7', 'evaluation': 120.6, 'num_eval': 1499, 'time': 1.7676482200622559}, {'move': 'g6h7', 'evaluation': 2473, 'num_eval': -1, 'time': 0.00039505958557128906}, {'move': 'g8h7', 'evaluation': 40.7, 'num_eval': 103, 'time': 0.14648985862731934}, {'move': 'f6f7', 'evaluation': None, 'num_eval': -1, 'time': 0.0003390312194824219}, {'move': 'h7h8', 'evaluation': -10000000000076, 'num_eval': 179, 'time': 0.26628923416137695}, {'move': 'h2h5', 'evaluation': None, 'num_eval': -1, 'time': 0.0002906322479248047}]",stockfish_800,minimax_iterative_depth_3,stockfish_800
8,0,0,1,"[{'move': 'f2f3', 'evaluation': 798.8, 'num_eval': 3799, 'time': 2.356627941131592}, {'move': 'd7d5', 'evaluation': -13, 'num_eval': -1, 'time': 0.0006592273712158203}, {'move': 'c2c4', 'evaluation': 737.8, 'num_eval': 6108, 'time': 4.956988096237183}, {'move': 'd5d4', 'evaluation': -58, 'num_eval': -1, 'time': 0.0004119873046875}, {'move': 'b2b3', 'evaluation': 753.6, 'num_eval': 6028, 'time': 5.029145002365112}, {'move': 'h7h5', 'evaluation': -84, 'num_eval': -1, 'time': 0.00043272972106933594}, {'move': 'b1h7', 'evaluation': 683.5, 'num_eval': 7822, 'time': 7.997127056121826}, {'move': 'h8h7', 'evaluation': -757, 'num_eval': -1, 'time': 0.0002779960632324219}, {'move': 'g2g4', 'evaluation': 623.0, 'num_eval': 5017, 'time': 5.218602895736694}, {'move': 'h5g4', 'evaluation': -838, 'num_eval': -1, 'time': 0.00037598609924316406}, {'move': 'e1h4', 'evaluation': 696.8, 'num_eval': 5298, 'time': 6.219766855239868}, {'move': 'h7h4', 'evaluation': -1060, 'num_eval': -1, 'time': 0.00037026405334472656}, {'move': 'd2d3', 'evaluation': 571.7, 'num_eval': 5432, 'time': 6.689719915390015}, {'move': 'c7c5', 'evaluation': -1118, 'num_eval': -1, 'time': 0.0005137920379638672}, {'move': 'h2h3', 'evaluation': 426.9, 'num_eval': 6053, 'time': 7.626590967178345}, {'move': 'g4g3', 'evaluation': -1159, 'num_eval': -1, 'time': 0.0004329681396484375}, {'move': 'f1g3', 'evaluation': 401.4, 'num_eval': 6368, 'time': 8.191205978393555}, {'move': 'b8g3', 'evaluation': -1208, 'num_eval': -1, 'time': 0.00036787986755371094}, {'move': 'h1h2', 'evaluation': 460.7, 'num_eval': 4632, 'time': 6.223356008529663}, {'move': 'g3h2', 'evaluation': -1355, 'num_eval': -1, 'time': 0.0003502368927001953}, {'move': 'g1h2', 'evaluation': 431.4, 'num_eval': 668, 'time': 0.8160710334777832}, {'move': 'e8d7', 'evaluation': -1650, 'num_eval': -1, 'time': 0.00033164024353027344}, {'move': 'd1f2', 'evaluation': 420.7, 'num_eval': 1417, 'time': 1.4214482307434082}, {'move': 'd7e6', 'evaluation': -1818, 'num_eval': -1, 'time': 0.00038504600524902344}, {'move': 'h2g2', 'evaluation': 385.9, 'num_eval': 3107, 'time': 3.7411320209503174}, {'move': 'e6e2', 'evaluation': -1630, 'num_eval': -1, 'time': 0.0003132820129394531}, {'move': 'a2a4', 'evaluation': 286.7, 'num_eval': 1622, 'time': 1.9239108562469482}, {'move': 'h4h3', 'evaluation': -1941, 'num_eval': -1, 'time': 0.0003829002380371094}, {'move': 'g2g1', 'evaluation': 225.1, 'num_eval': 1738, 'time': 2.3830339908599854}, {'move': 'h3g3', 'evaluation': -2673, 'num_eval': -1, 'time': 0.00036597251892089844}, {'move': 'g1h1', 'evaluation': 220.8, 'num_eval': 325, 'time': 0.4780759811401367}, {'move': 'e2f1', 'evaluation': None, 'num_eval': -1, 'time': 0.0003428459167480469}, {'move': 'h1h2', 'evaluation': -10000000000171, 'num_eval': 158, 'time': 0.242110013961792}, {'move': 'g3g2', 'evaluation': None, 'num_eval': -1, 'time': 0.0002880096435546875}]",minimax_iterative_depth_3,stockfish_750,stockfish_750
9,1,1,0,"[{'move': 'e2e4', 'evaluation': 49, 'num_eval': -1, 'time': 0.0010519027709960938}, {'move': 'f7f5', 'evaluation': -486.8, 'num_eval': 4345, 'time': 3.0093369483947754}, {'move': 'e4f5', 'evaluation': 137, 'num_eval': -1, 'time': 0.0004031658172607422}, {'move': 'd7d5', 'evaluation': -361.4, 'num_eval': 5398, 'time': 4.4654319286346436}, {'move': 'f1g3', 'evaluation': 184, 'num_eval': -1, 'time': 0.0005939006805419922}, {'move': 'c7c5', 'evaluation': -176.3, 'num_eval': 7592, 'time': 5.981315851211548}, {'move': 'd1c3', 'evaluation': 140, 'num_eval': -1, 'time': 0.0007407665252685547}, {'move': 'h7h5', 'evaluation': 23.7, 'num_eval': 9418, 'time': 8.036305904388428}, {'move': 'c3d5', 'evaluation': 140, 'num_eval': -1, 'time': 0.0005221366882324219}, {'move': 'b7b5', 'evaluation': 219.8, 'num_eval': 5071, 'time': 4.628926992416382}, {'move': 'd5e7', 'evaluation': 290, 'num_eval': -1, 'time': 0.0010142326354980469}, {'move': 'e8e7', 'evaluation': 266.0, 'num_eval': 1236, 'time': 1.3614981174468994}, {'move': 'e1e7', 'evaluation': 667, 'num_eval': -1, 'time': 0.00036406517028808594}, {'move': 'a7a5', 'evaluation': 187.0, 'num_eval': 2979, 'time': 2.6896159648895264}, {'move': 'e7d8', 'evaluation': 892, 'num_eval': -1, 'time': 0.0006449222564697266}, {'move': 'g7g5', 'evaluation': 187.2, 'num_eval': 3276, 'time': 2.609441041946411}, {'move': 'g3e4', 'evaluation': 1328, 'num_eval': -1, 'time': 0.0004076957702636719}, {'move': 'g8g7', 'evaluation': 257.7, 'num_eval': 3270, 'time': 3.5700390338897705}, {'move': 'd8g5', 'evaluation': 1331, 'num_eval': -1, 'time': 0.0004987716674804688}, {'move': 'f8g6', 'evaluation': 291.4, 'num_eval': 489, 'time': 0.6233501434326172}, {'move': 'g5f6', 'evaluation': 1548, 'num_eval': -1, 'time': 0.0004169940948486328}, {'move': 'g7g8', 'evaluation': 291.4, 'num_eval': 306, 'time': 0.4016571044921875}, {'move': 'f5g6', 'evaluation': 1548, 'num_eval': -1, 'time': 0.0004680156707763672}, {'move': 'b8h2', 'evaluation': 250.9, 'num_eval': 1525, 'time': 1.730224847793579}, {'move': 'h1h2', 'evaluation': 1691, 'num_eval': -1, 'time': 0.00031495094299316406}, {'move': 'h8h7', 'evaluation': 120.6, 'num_eval': 1499, 'time': 1.7710659503936768}, {'move': 'g6h7', 'evaluation': 2473, 'num_eval': -1, 'time': 0.0004038810729980469}, {'move': 'g8h7', 'evaluation': 40.7, 'num_eval': 103, 'time': 0.14691805839538574}, {'move': 'f6f7', 'evaluation': None, 'num_eval': -1, 'time': 0.0003452301025390625}, {'move': 'h7h8', 'evaluation': -10000000000076, 'num_eval': 179, 'time': 0.24396610260009766}, {'move': 'h2h5', 'evaluation': None, 'num_eval': -1, 'time': 0.0003001689910888672}]",stockfish_750,minimax_iterative_depth_3,stockfish_750
10,0,0,1,"[{'move': 'f2f3', 'evaluation': 798.8, 'num_eval': 3799, 'time': 2.359185218811035}, {'move': 'd7d5', 'evaluation': -13, 'num_eval': -1, 'time': 0.0006690025329589844}, {'move': 'c2c4', 'evaluation': 737.8, 'num_eval': 6108, 'time': 4.971423864364624}, {'move': 'd5d4', 'evaluation': -58, 'num_eval': -1, 'time': 0.00042128562927246094}, {'move': 'b2b3', 'evaluation': 753.6, 'num_eval': 6028, 'time': 5.0346901416778564}, {'move': 'h7h5', 'evaluation': -84, 'num_eval': -1, 'time': 0.0004360675811767578}, {'move': 'b1h7', 'evaluation': 683.5, 'num_eval': 7822, 'time': 7.920758008956909}, {'move': 'h8h7', 'evaluation': -757, 'num_eval': -1, 'time': 0.00028324127197265625}, {'move': 'g2g4', 'evaluation': 623.0, 'num_eval': 5017, 'time': 5.202667951583862}, {'move': 'h5g4', 'evaluation': -838, 'num_eval': -1, 'time': 0.0003807544708251953}, {'move': 'e1h4', 'evaluation': 696.8, 'num_eval': 5298, 'time': 6.176600933074951}, {'move': 'h7h4', 'evaluation': -1060, 'num_eval': -1, 'time': 0.00037288665771484375}, {'move': 'd2d3', 'evaluation': 571.7, 'num_eval': 5432, 'time': 6.514172077178955}, {'move': 'c7c5', 'evaluation': -1118, 'num_eval': -1, 'time': 0.00045013427734375}, {'move': 'h2h3', 'evaluation': 426.9, 'num_eval': 6053, 'time': 7.599107027053833}, {'move': 'g4g3', 'evaluation': -1159, 'num_eval': -1, 'time': 0.0003981590270996094}, {'move': 'f1g3', 'evaluation': 401.4, 'num_eval': 6368, 'time': 8.21687126159668}, {'move': 'b8g3', 'evaluation': -1208, 'num_eval': -1, 'time': 0.0003230571746826172}, {'move': 'h1h2', 'evaluation': 460.7, 'num_eval': 4632, 'time': 6.226859092712402}, {'move': 'g3h2', 'evaluation': -1355, 'num_eval': -1, 'time': 0.0003459453582763672}, {'move': 'g1h2', 'evaluation': 431.4, 'num_eval': 668, 'time': 0.8174018859863281}, {'move': 'e8d7', 'evaluation': -1650, 'num_eval': -1, 'time': 0.0003151893615722656}, {'move': 'd1f2', 'evaluation': 420.7, 'num_eval': 1417, 'time': 1.4204349517822266}, {'move': 'd7e6', 'evaluation': -1818, 'num_eval': -1, 'time': 0.0003592967987060547}, {'move': 'h2g2', 'evaluation': 385.9, 'num_eval': 3107, 'time': 3.7464420795440674}, {'move': 'e6e2', 'evaluation': -1630, 'num_eval': -1, 'time': 0.0003409385681152344}, {'move': 'a2a4', 'evaluation': 286.7, 'num_eval': 1622, 'time': 1.9266760349273682}, {'move': 'h4h3', 'evaluation': -1941, 'num_eval': -1, 'time': 0.0003693103790283203}, {'move': 'g2g1', 'evaluation': 225.1, 'num_eval': 1738, 'time': 2.3886940479278564}, {'move': 'h3g3', 'evaluation': -2673, 'num_eval': -1, 'time': 0.0003409385681152344}, {'move': 'g1h1', 'evaluation': 220.8, 'num_eval': 325, 'time': 0.4779698848724365}, {'move': 'e2f1', 'evaluation': None, 'num_eval': -1, 'time': 0.00032520294189453125}, {'move': 'h1h2', 'evaluation': -10000000000171, 'num_eval': 158, 'time': 0.24157190322875977}, {'move': 'g3g2', 'evaluation': None, 'num_eval': -1, 'time': 0.00028705596923828125}]",minimax_iterative_depth_3,stockfish_250,stockfish_250
11,1,1,0,"[{'move': 'e2e4', 'evaluation': 49, 'num_eval': -1, 'time': 0.0008287429809570312}, {'move': 'f7f5', 'evaluation': -486.8, 'num_eval': 4345, 'time': 3.0115966796875}, {'move': 'e4f5', 'evaluation': 137, 'num_eval': -1, 'time': 0.0003609657287597656}, {'move': 'd7d5', 'evaluation': -361.4, 'num_eval': 5398, 'time': 4.485903263092041}, {'move': 'f1g3', 'evaluation': 184, 'num_eval': -1, 'time': 0.0005428791046142578}, {'move': 'c7c5', 'evaluation': -176.3, 'num_eval': 7592, 'time': 5.972929239273071}, {'move': 'd1c3', 'evaluation': 140, 'num_eval': -1, 'time': 0.0006690025329589844}, {'move': 'h7h5', 'evaluation': 23.7, 'num_eval': 9418, 'time': 8.032997131347656}, {'move': 'c3d5', 'evaluation': 140, 'num_eval': -1, 'time': 0.0004839897155761719}, {'move': 'b7b5', 'evaluation': 219.8, 'num_eval': 5071, 'time': 4.620977163314819}, {'move': 'd5e7', 'evaluation': 290, 'num_eval': -1, 'time': 0.0007219314575195312}, {'move': 'e8e7', 'evaluation': 266.0, 'num_eval': 1236, 'time': 1.3623638153076172}, {'move': 'e1e7', 'evaluation': 667, 'num_eval': -1, 'time': 0.0003638267517089844}, {'move': 'a7a5', 'evaluation': 187.0, 'num_eval': 2979, 'time': 2.5858099460601807}, {'move': 'e7d8', 'evaluation': 892, 'num_eval': -1, 'time': 0.0004150867462158203}, {'move': 'g7g5', 'evaluation': 187.2, 'num_eval': 3276, 'time': 2.5774288177490234}, {'move': 'g3e4', 'evaluation': 1328, 'num_eval': -1, 'time': 0.0003139972686767578}, {'move': 'g8g7', 'evaluation': 257.7, 'num_eval': 3270, 'time': 3.620633125305176}, {'move': 'd8g5', 'evaluation': 1331, 'num_eval': -1, 'time': 0.00042176246643066406}, {'move': 'f8g6', 'evaluation': 291.4, 'num_eval': 489, 'time': 0.6224610805511475}, {'move': 'g5f6', 'evaluation': 1548, 'num_eval': -1, 'time': 0.00032401084899902344}, {'move': 'g7g8', 'evaluation': 291.4, 'num_eval': 306, 'time': 0.40162205696105957}, {'move': 'f5g6', 'evaluation': 1548, 'num_eval': -1, 'time': 0.0003662109375}, {'move': 'b8h2', 'evaluation': 250.9, 'num_eval': 1525, 'time': 1.7285561561584473}, {'move': 'h1h2', 'evaluation': 1691, 'num_eval': -1, 'time': 0.00025010108947753906}, {'move': 'h8h7', 'evaluation': 120.6, 'num_eval': 1499, 'time': 1.7716870307922363}, {'move': 'g6h7', 'evaluation': 2473, 'num_eval': -1, 'time': 0.00034999847412109375}, {'move': 'g8h7', 'evaluation': 40.7, 'num_eval': 103, 'time': 0.1465921401977539}, {'move': 'f6f7', 'evaluation': None, 'num_eval': -1, 'time': 0.0013799667358398438}, {'move': 'h7h8', 'evaluation': -10000000000076, 'num_eval': 179, 'time': 0.24468588829040527}, {'move': 'h2h5', 'evaluation': None, 'num_eval': -1, 'time': 0.0003018379211425781}]",stockfish_250,minimax_iterative_depth_3,stockfish_250
12,0,0,1,"[{'move': 'f2f3', 'evaluation': 798.8, 'num_eval': 3799, 'time': 2.3739380836486816}, {'move': 'd7d5', 'evaluation': -13, 'num_eval': -1, 'time': 0.0006811618804931641}, {'move': 'c2c4', 'evaluation': 737.8, 'num_eval': 6108, 'time': 4.999952793121338}, {'move': 'd5d4', 'evaluation': -58, 'num_eval': -1, 'time': 0.0004801750183105469}, {'move': 'b2b3', 'evaluation': 753.6, 'num_eval': 6028, 'time': 5.055866003036499}, {'move': 'h7h5', 'evaluation': -84, 'num_eval': -1, 'time': 0.00046372413635253906}, {'move': 'b1h7', 'evaluation': 683.5, 'num_eval': 7822, 'time': 7.947422981262207}, {'move': 'h8h7', 'evaluation': -757, 'num_eval': -1, 'time': 0.00030112266540527344}, {'move': 'g2g4', 'evaluation': 623.0, 'num_eval': 5017, 'time': 5.184956789016724}, {'move': 'h5g4', 'evaluation': -838, 'num_eval': -1, 'time': 0.0003809928894042969}, {'move': 'e1h4', 'evaluation': 696.8, 'num_eval': 5298, 'time': 6.185999155044556}, {'move': 'h7h4', 'evaluation': -1060, 'num_eval': -1, 'time': 0.0003840923309326172}, {'move': 'd2d3', 'evaluation': 571.7, 'num_eval': 5432, 'time': 6.521118402481079}, {'move': 'c7c5', 'evaluation': -1118, 'num_eval': -1, 'time': 0.0004878044128417969}, {'move': 'h2h3', 'evaluation': 426.9, 'num_eval': 6053, 'time': 7.6067750453948975}, {'move': 'g4g3', 'evaluation': -1159, 'num_eval': -1, 'time': 0.00040602684020996094}, {'move': 'f1g3', 'evaluation': 401.4, 'num_eval': 6368, 'time': 8.233320951461792}, {'move': 'b8g3', 'evaluation': -1208, 'num_eval': -1, 'time': 0.00034117698669433594}, {'move': 'h1h2', 'evaluation': 460.7, 'num_eval': 4632, 'time': 6.237023115158081}, {'move': 'g3h2', 'evaluation': -1355, 'num_eval': -1, 'time': 0.0003597736358642578}, {'move': 'g1h2', 'evaluation': 431.4, 'num_eval': 668, 'time': 0.8153049945831299}, {'move': 'e8d7', 'evaluation': -1650, 'num_eval': -1, 'time': 0.0003287792205810547}, {'move': 'd1f2', 'evaluation': 420.7, 'num_eval': 1417, 'time': 1.4224739074707031}, {'move': 'd7e6', 'evaluation': -1818, 'num_eval': -1, 'time': 0.0003902912139892578}, {'move': 'h2g2', 'evaluation': 385.9, 'num_eval': 3107, 'time': 3.7421178817749023}, {'move': 'e6e2', 'evaluation': -1630, 'num_eval': -1, 'time': 0.00029397010803222656}, {'move': 'a2a4', 'evaluation': 286.7, 'num_eval': 1622, 'time': 1.9251880645751953}, {'move': 'h4h3', 'evaluation': -1941, 'num_eval': -1, 'time': 0.00043511390686035156}, {'move': 'g2g1', 'evaluation': 225.1, 'num_eval': 1738, 'time': 2.3866679668426514}, {'move': 'h3g3', 'evaluation': -2673, 'num_eval': -1, 'time': 0.00034880638122558594}, {'move': 'g1h1', 'evaluation': 220.8, 'num_eval': 325, 'time': 0.4769628047943115}, {'move': 'e2f1', 'evaluation': None, 'num_eval': -1, 'time': 0.0003352165222167969}, {'move': 'h1h2', 'evaluation': -10000000000171, 'num_eval': 158, 'time': 0.24190711975097656}, {'move': 'g3g2', 'evaluation': None, 'num_eval': -1, 'time': 0.0002949237823486328}]",minimax_iterative_depth_3,stockfish_650,stockfish_650
13,1,1,0,"[{'move': 'e2e4', 'evaluation': 49, 'num_eval': -1, 'time': 0.0009260177612304688}, {'move': 'f7f5', 'evaluation': -486.8, 'num_eval': 4345, 'time': 3.004199266433716}, {'move': 'e4f5', 'evaluation': 137, 'num_eval': -1, 'time': 0.0003867149353027344}, {'move': 'd7d5', 'evaluation': -361.4, 'num_eval': 5398, 'time': 4.458230972290039}, {'move': 'f1g3', 'evaluation': 184, 'num_eval': -1, 'time': 0.0006110668182373047}, {'move': 'c7c5', 'evaluation': -176.3, 'num_eval': 7592, 'time': 5.984839916229248}, {'move': 'd1c3', 'evaluation': 140, 'num_eval': -1, 'time': 0.0006725788116455078}, {'move': 'h7h5', 'evaluation': 23.7, 'num_eval': 9418, 'time': 8.021864891052246}, {'move': 'c3d5', 'evaluation': 140, 'num_eval': -1, 'time': 0.0005469322204589844}, {'move': 'b7b5', 'evaluation': 219.8, 'num_eval': 5071, 'time': 4.622960090637207}, {'move': 'd5e7', 'evaluation': 290, 'num_eval': -1, 'time': 0.0007898807525634766}, {'move': 'e8e7', 'evaluation': 266.0, 'num_eval': 1236, 'time': 1.3615739345550537}, {'move': 'e1e7', 'evaluation': 667, 'num_eval': -1, 'time': 0.0003762245178222656}, {'move': 'a7a5', 'evaluation': 187.0, 'num_eval': 2979, 'time': 2.584122896194458}, {'move': 'e7d8', 'evaluation': 892, 'num_eval': -1, 'time': 0.0004429817199707031}, {'move': 'g7g5', 'evaluation': 187.2, 'num_eval': 3276, 'time': 2.570068359375}, {'move': 'g3e4', 'evaluation': 1328, 'num_eval': -1, 'time': 0.0003578662872314453}, {'move': 'g8g7', 'evaluation': 257.7, 'num_eval': 3270, 'time': 3.5739588737487793}, {'move': 'd8g5', 'evaluation': 1331, 'num_eval': -1, 'time': 0.0004382133483886719}, {'move': 'f8g6', 'evaluation': 291.4, 'num_eval': 489, 'time': 0.6226098537445068}, {'move': 'g5f6', 'evaluation': 1548, 'num_eval': -1, 'time': 0.0003452301025390625}, {'move': 'g7g8', 'evaluation': 291.4, 'num_eval': 306, 'time': 0.4011960029602051}, {'move': 'f5g6', 'evaluation': 1548, 'num_eval': -1, 'time': 0.0003898143768310547}, {'move': 'b8h2', 'evaluation': 250.9, 'num_eval': 1525, 'time': 1.728484869003296}, {'move': 'h1h2', 'evaluation': 1691, 'num_eval': -1, 'time': 0.0002608299255371094}, {'move': 'h8h7', 'evaluation': 120.6, 'num_eval': 1499, 'time': 1.7696850299835205}, {'move': 'g6h7', 'evaluation': 2473, 'num_eval': -1, 'time': 0.0003559589385986328}, {'move': 'g8h7', 'evaluation': 40.7, 'num_eval': 103, 'time': 0.14660286903381348}, {'move': 'f6f7', 'evaluation': None, 'num_eval': -1, 'time': 0.0003199577331542969}, {'move': 'h7h8', 'evaluation': -10000000000076, 'num_eval': 179, 'time': 0.24440813064575195}, {'move': 'h2h5', 'evaluation': None, 'num_eval': -1, 'time': 0.000308990478515625}]",stockfish_650,minimax_iterative_depth_3,stockfish_650
14,0,0,1,"[{'move': 'f2f3', 'evaluation': 798.8, 'num_eval': 3799, 'time': 2.3538739681243896}, {'move': 'd7d5', 'evaluation': -13, 'num_eval': -1, 'time': 0.0006961822509765625}, {'move': 'c2c4', 'evaluation': 737.8, 'num_eval': 6108, 'time': 4.963326930999756}, {'move': 'd5d4', 'evaluation': -58, 'num_eval': -1, 'time': 0.0004448890686035156}, {'move': 'b2b3', 'evaluation': 753.6, 'num_eval': 6028, 'time': 5.058526277542114}, {'move': 'h7h5', 'evaluation': -84, 'num_eval': -1, 'time': 0.00046515464782714844}, {'move': 'b1h7', 'evaluation': 683.5, 'num_eval': 7822, 'time': 7.921677112579346}, {'move': 'h8h7', 'evaluation': -757, 'num_eval': -1, 'time': 0.0002899169921875}, {'move': 'g2g4', 'evaluation': 623.0, 'num_eval': 5017, 'time': 5.193328142166138}, {'move': 'h5g4', 'evaluation': -838, 'num_eval': -1, 'time': 0.00038814544677734375}, {'move': 'e1h4', 'evaluation': 696.8, 'num_eval': 5298, 'time': 6.185983896255493}, {'move': 'h7h4', 'evaluation': -1060, 'num_eval': -1, 'time': 0.00039076805114746094}, {'move': 'd2d3', 'evaluation': 571.7, 'num_eval': 5432, 'time': 6.514158248901367}, {'move': 'c7c5', 'evaluation': -1118, 'num_eval': -1, 'time': 0.0004730224609375}, {'move': 'h2h3', 'evaluation': 426.9, 'num_eval': 6053, 'time': 7.586234092712402}, {'move': 'g4g3', 'evaluation': -1159, 'num_eval': -1, 'time': 0.0004138946533203125}, {'move': 'f1g3', 'evaluation': 401.4, 'num_eval': 6368, 'time': 8.210389852523804}, {'move': 'b8g3', 'evaluation': -1208, 'num_eval': -1, 'time': 0.0003058910369873047}, {'move': 'h1h2', 'evaluation': 460.7, 'num_eval': 4632, 'time': 6.234570026397705}, {'move': 'g3h2', 'evaluation': -1355, 'num_eval': -1, 'time': 0.0003409385681152344}, {'move': 'g1h2', 'evaluation': 431.4, 'num_eval': 668, 'time': 0.8180580139160156}, {'move': 'e8d7', 'evaluation': -1650, 'num_eval': -1, 'time': 0.0003509521484375}, {'move': 'd1f2', 'evaluation': 420.7, 'num_eval': 1417, 'time': 1.4218637943267822}, {'move': 'd7e6', 'evaluation': -1818, 'num_eval': -1, 'time': 0.00036215782165527344}, {'move': 'h2g2', 'evaluation': 385.9, 'num_eval': 3107, 'time': 3.7480459213256836}, {'move': 'e6e2', 'evaluation': -1630, 'num_eval': -1, 'time': 0.0003070831298828125}, {'move': 'a2a4', 'evaluation': 286.7, 'num_eval': 1622, 'time': 1.9264569282531738}, {'move': 'h4h3', 'evaluation': -1941, 'num_eval': -1, 'time': 0.00033736228942871094}, {'move': 'g2g1', 'evaluation': 225.1, 'num_eval': 1738, 'time': 2.3911139965057373}, {'move': 'h3g3', 'evaluation': -2673, 'num_eval': -1, 'time': 0.0003681182861328125}, {'move': 'g1h1', 'evaluation': 220.8, 'num_eval': 325, 'time': 0.4767751693725586}, {'move': 'e2f1', 'evaluation': None, 'num_eval': -1, 'time': 0.0003528594970703125}, {'move': 'h1h2', 'evaluation': -10000000000171, 'num_eval': 158, 'time': 0.24230217933654785}, {'move': 'g3g2', 'evaluation': None, 'num_eval': -1, 'time': 0.00028896331787109375}]",minimax_iterative_depth_3,stockfish_450,stockfish_450
15,1,1,0,"[{'move': 'e2e4', 'evaluation': 49, 'num_eval': -1, 'time': 0.0010838508605957031}, {'move': 'f7f5', 'evaluation': -486.8, 'num_eval': 4345, 'time': 3.0118918418884277}, {'move': 'e4f5', 'evaluation': 137, 'num_eval': -1, 'time': 0.0004401206970214844}, {'move': 'd7d5', 'evaluation': -361.4, 'num_eval': 5398, 'time': 4.468817234039307}, {'move': 'f1g3', 'evaluation': 184, 'num_eval': -1, 'time': 0.0006089210510253906}, {'move': 'c7c5', 'evaluation': -176.3, 'num_eval': 7592, 'time': 5.990525960922241}, {'move': 'd1c3', 'evaluation': 140, 'num_eval': -1, 'time': 0.0007181167602539062}, {'move': 'h7h5', 'evaluation': 23.7, 'num_eval': 9418, 'time': 8.030835151672363}, {'move': 'c3d5', 'evaluation': 140, 'num_eval': -1, 'time': 0.0004971027374267578}, {'move': 'b7b5', 'evaluation': 219.8, 'num_eval': 5071, 'time': 4.615957021713257}, {'move': 'd5e7', 'evaluation': 290, 'num_eval': -1, 'time': 0.0009829998016357422}, {'move': 'e8e7', 'evaluation': 266.0, 'num_eval': 1236, 'time': 1.3609700202941895}, {'move': 'e1e7', 'evaluation': 667, 'num_eval': -1, 'time': 0.00039196014404296875}, {'move': 'a7a5', 'evaluation': 187.0, 'num_eval': 2979, 'time': 2.5864598751068115}, {'move': 'e7d8', 'evaluation': 892, 'num_eval': -1, 'time': 0.0005438327789306641}, {'move': 'g7g5', 'evaluation': 187.2, 'num_eval': 3276, 'time': 2.5709681510925293}, {'move': 'g3e4', 'evaluation': 1328, 'num_eval': -1, 'time': 0.00036597251892089844}, {'move': 'g8g7', 'evaluation': 257.7, 'num_eval': 3270, 'time': 3.571699857711792}, {'move': 'd8g5', 'evaluation': 1331, 'num_eval': -1, 'time': 0.00045800209045410156}, {'move': 'f8g6', 'evaluation': 291.4, 'num_eval': 489, 'time': 0.6233410835266113}, {'move': 'g5f6', 'evaluation': 1548, 'num_eval': -1, 'time': 0.0003859996795654297}, {'move': 'g7g8', 'evaluation': 291.4, 'num_eval': 306, 'time': 0.40100598335266113}, {'move': 'f5g6', 'evaluation': 1548, 'num_eval': -1, 'time': 0.0004000663757324219}, {'move': 'b8h2', 'evaluation': 250.9, 'num_eval': 1525, 'time': 1.731783390045166}, {'move': 'h1h2', 'evaluation': 1691, 'num_eval': -1, 'time': 0.0002980232238769531}, {'move': 'h8h7', 'evaluation': 120.6, 'num_eval': 1499, 'time': 1.7704458236694336}, {'move': 'g6h7', 'evaluation': 2473, 'num_eval': -1, 'time': 0.0003478527069091797}, {'move': 'g8h7', 'evaluation': 40.7, 'num_eval': 103, 'time': 0.1471691131591797}, {'move': 'f6f7', 'evaluation': None, 'num_eval': -1, 'time': 0.00031375885009765625}, {'move': 'h7h8', 'evaluation': -10000000000076, 'num_eval': 179, 'time': 0.24413609504699707}, {'move': 'h2h5', 'evaluation': None, 'num_eval': -1, 'time': 0.0003058910369873047}]",stockfish_450,minimax_iterative_depth_3,stockfish_450
16,0,0,1,"[{'move': 'f2f3', 'evaluation': 798.8, 'num_eval': 3799, 'time': 2.3470170497894287}, {'move': 'd7d5', 'evaluation': -13, 'num_eval': -1, 'time': 0.0006799697875976562}, {'move': 'c2c4', 'evaluation': 737.8, 'num_eval': 6108, 'time': 4.954867362976074}, {'move': 'd5d4', 'evaluation': -58, 'num_eval': -1, 'time': 0.00043320655822753906}, {'move': 'b2b3', 'evaluation': 753.6, 'num_eval': 6028, 'time': 5.0271241664886475}, {'move': 'h7h5', 'evaluation': -84, 'num_eval': -1, 'time': 0.0005309581756591797}, {'move': 'b1h7', 'evaluation': 683.5, 'num_eval': 7822, 'time': 7.89768123626709}, {'move': 'h8h7', 'evaluation': -757, 'num_eval': -1, 'time': 0.0002810955047607422}, {'move': 'g2g4', 'evaluation': 623.0, 'num_eval': 5017, 'time': 5.1849000453948975}, {'move': 'h5g4', 'evaluation': -838, 'num_eval': -1, 'time': 0.0004558563232421875}, {'move': 'e1h4', 'evaluation': 696.8, 'num_eval': 5298, 'time': 6.179153919219971}, {'move': 'h7h4', 'evaluation': -1060, 'num_eval': -1, 'time': 0.0003838539123535156}, {'move': 'd2d3', 'evaluation': 571.7, 'num_eval': 5432, 'time': 6.50616979598999}, {'move': 'c7c5', 'evaluation': -1118, 'num_eval': -1, 'time': 0.000469207763671875}, {'move': 'h2h3', 'evaluation': 426.9, 'num_eval': 6053, 'time': 7.5800299644470215}, {'move': 'g4g3', 'evaluation': -1159, 'num_eval': -1, 'time': 0.0004048347473144531}, {'move': 'f1g3', 'evaluation': 401.4, 'num_eval': 6368, 'time': 8.192657947540283}, {'move': 'b8g3', 'evaluation': -1208, 'num_eval': -1, 'time': 0.00030493736267089844}, {'move': 'h1h2', 'evaluation': 460.7, 'num_eval': 4632, 'time': 6.2237889766693115}, {'move': 'g3h2', 'evaluation': -1355, 'num_eval': -1, 'time': 0.00033783912658691406}, {'move': 'g1h2', 'evaluation': 431.4, 'num_eval': 668, 'time': 0.8178958892822266}, {'move': 'e8d7', 'evaluation': -1650, 'num_eval': -1, 'time': 0.0003020763397216797}, {'move': 'd1f2', 'evaluation': 420.7, 'num_eval': 1417, 'time': 1.4186251163482666}, {'move': 'd7e6', 'evaluation': -1818, 'num_eval': -1, 'time': 0.00036406517028808594}, {'move': 'h2g2', 'evaluation': 385.9, 'num_eval': 3107, 'time': 3.746661901473999}, {'move': 'e6e2', 'evaluation': -1630, 'num_eval': -1, 'time': 0.0002760887145996094}, {'move': 'a2a4', 'evaluation': 286.7, 'num_eval': 1622, 'time': 2.041837215423584}, {'move': 'h4h3', 'evaluation': -1941, 'num_eval': -1, 'time': 0.0003666877746582031}, {'move': 'g2g1', 'evaluation': 225.1, 'num_eval': 1738, 'time': 2.440242052078247}, {'move': 'h3g3', 'evaluation': -2673, 'num_eval': -1, 'time': 0.0003509521484375}, {'move': 'g1h1', 'evaluation': 220.8, 'num_eval': 325, 'time': 0.4802851676940918}, {'move': 'e2f1', 'evaluation': None, 'num_eval': -1, 'time': 0.0003192424774169922}, {'move': 'h1h2', 'evaluation': -10000000000171, 'num_eval': 158, 'time': 0.2410268783569336}, {'move': 'g3g2', 'evaluation': None, 'num_eval': -1, 'time': 0.0002758502960205078}]",minimax_iterative_depth_3,stockfish_500,stockfish_500
17,1,1,0,"[{'move': 'e2e4', 'evaluation': 49, 'num_eval': -1, 'time': 0.0030469894409179688}, {'move': 'f7f5', 'evaluation': -486.8, 'num_eval': 4345, 'time': 3.151731014251709}, {'move': 'e4f5', 'evaluation': 137, 'num_eval': -1, 'time': 0.0004317760467529297}, {'move': 'd7d5', 'evaluation': -361.4, 'num_eval': 5398, 'time': 4.520570755004883}, {'move': 'f1g3', 'evaluation': 184, 'num_eval': -1, 'time': 0.0005557537078857422}, {'move': 'c7c5', 'evaluation': -176.3, 'num_eval': 7592, 'time': 5.990556001663208}, {'move': 'd1c3', 'evaluation': 140, 'num_eval': -1, 'time': 0.0006659030914306641}, {'move': 'h7h5', 'evaluation': 23.7, 'num_eval': 9418, 'time': 8.025099992752075}, {'move': 'c3d5', 'evaluation': 140, 'num_eval': -1, 'time': 0.0015170574188232422}, {'move': 'b7b5', 'evaluation': 219.8, 'num_eval': 5071, 'time': 4.6128809452056885}, {'move': 'd5e7', 'evaluation': 290, 'num_eval': -1, 'time': 0.0009789466857910156}, {'move': 'e8e7', 'evaluation': 266.0, 'num_eval': 1236, 'time': 1.3616340160369873}, {'move': 'e1e7', 'evaluation': 667, 'num_eval': -1, 'time': 0.0004508495330810547}, {'move': 'a7a5', 'evaluation': 187.0, 'num_eval': 2979, 'time': 2.5907418727874756}, {'move': 'e7d8', 'evaluation': 892, 'num_eval': -1, 'time': 0.0005118846893310547}, {'move': 'g7g5', 'evaluation': 187.2, 'num_eval': 3276, 'time': 2.569730043411255}, {'move': 'g3e4', 'evaluation': 1328, 'num_eval': -1, 'time': 0.00037288665771484375}, {'move': 'g8g7', 'evaluation': 257.7, 'num_eval': 3270, 'time': 3.568814992904663}, {'move': 'd8g5', 'evaluation': 1331, 'num_eval': -1, 'time': 0.0004620552062988281}, {'move': 'f8g6', 'evaluation': 291.4, 'num_eval': 489, 'time': 0.6222741603851318}, {'move': 'g5f6', 'evaluation': 1548, 'num_eval': -1, 'time': 0.0003921985626220703}, {'move': 'g7g8', 'evaluation': 291.4, 'num_eval': 306, 'time': 0.4015378952026367}, {'move': 'f5g6', 'evaluation': 1548, 'num_eval': -1, 'time': 0.00041222572326660156}, {'move': 'b8h2', 'evaluation': 250.9, 'num_eval': 1525, 'time': 1.7321751117706299}, {'move': 'h1h2', 'evaluation': 1691, 'num_eval': -1, 'time': 0.00029087066650390625}, {'move': 'h8h7', 'evaluation': 120.6, 'num_eval': 1499, 'time': 1.7704246044158936}, {'move': 'g6h7', 'evaluation': 2473, 'num_eval': -1, 'time': 0.0003509521484375}, {'move': 'g8h7', 'evaluation': 40.7, 'num_eval': 103, 'time': 0.14731073379516602}, {'move': 'f6f7', 'evaluation': None, 'num_eval': -1, 'time': 0.00033211708068847656}, {'move': 'h7h8', 'evaluation': -10000000000076, 'num_eval': 179, 'time': 0.24355292320251465}, {'move': 'h2h5', 'evaluation': None, 'num_eval': -1, 'time': 0.0002892017364501953}]",stockfish_500,minimax_iterative_depth_3,stockfish_500
18,0,0,1,"[{'move': 'f2f3', 'evaluation': 798.8, 'num_eval': 3799, 'time': 2.3467159271240234}, {'move': 'd7d5', 'evaluation': -13, 'num_eval': -1, 'time': 0.0007090568542480469}, {'move': 'c2c4', 'evaluation': 737.8, 'num_eval': 6108, 'time': 4.9881272315979}, {'move': 'd5d4', 'evaluation': -58, 'num_eval': -1, 'time': 0.0004909038543701172}, {'move': 'b2b3', 'evaluation': 753.6, 'num_eval': 6028, 'time': 5.043353080749512}, {'move': 'h7h5', 'evaluation': -84, 'num_eval': -1, 'time': 0.0005128383636474609}, {'move': 'b1h7', 'evaluation': 683.5, 'num_eval': 7822, 'time': 7.889976978302002}, {'move': 'h8h7', 'evaluation': -757, 'num_eval': -1, 'time': 0.00030803680419921875}, {'move': 'g2g4', 'evaluation': 623.0, 'num_eval': 5017, 'time': 5.181064128875732}, {'move': 'h5g4', 'evaluation': -838, 'num_eval': -1, 'time': 0.0003788471221923828}, {'move': 'e1h4', 'evaluation': 696.8, 'num_eval': 5298, 'time': 6.192096948623657}, {'move': 'h7h4', 'evaluation': -1060, 'num_eval': -1, 'time': 0.00039696693420410156}, {'move': 'd2d3', 'evaluation': 571.7, 'num_eval': 5432, 'time': 6.5119850635528564}, {'move': 'c7c5', 'evaluation': -1118, 'num_eval': -1, 'time': 0.0005071163177490234}, {'move': 'h2h3', 'evaluation': 426.9, 'num_eval': 6053, 'time': 7.574486970901489}, {'move': 'g4g3', 'evaluation': -1159, 'num_eval': -1, 'time': 0.00044274330139160156}, {'move': 'f1g3', 'evaluation': 401.4, 'num_eval': 6368, 'time': 8.198662042617798}, {'move': 'b8g3', 'evaluation': -1208, 'num_eval': -1, 'time': 0.00033402442932128906}, {'move': 'h1h2', 'evaluation': 460.7, 'num_eval': 4632, 'time': 6.249858856201172}, {'move': 'g3h2', 'evaluation': -1355, 'num_eval': -1, 'time': 0.00035190582275390625}, {'move': 'g1h2', 'evaluation': 431.4, 'num_eval': 668, 'time': 0.8140761852264404}, {'move': 'e8d7', 'evaluation': -1650, 'num_eval': -1, 'time': 0.0003368854522705078}, {'move': 'd1f2', 'evaluation': 420.7, 'num_eval': 1417, 'time': 1.4175443649291992}, {'move': 'd7e6', 'evaluation': -1818, 'num_eval': -1, 'time': 0.00039696693420410156}, {'move': 'h2g2', 'evaluation': 385.9, 'num_eval': 3107, 'time': 3.78128719329834}, {'move': 'e6e2', 'evaluation': -1630, 'num_eval': -1, 'time': 0.00029397010803222656}, {'move': 'a2a4', 'evaluation': 286.7, 'num_eval': 1622, 'time': 1.9216551780700684}, {'move': 'h4h3', 'evaluation': -1941, 'num_eval': -1, 'time': 0.00043487548828125}, {'move': 'g2g1', 'evaluation': 225.1, 'num_eval': 1738, 'time': 2.3823609352111816}, {'move': 'h3g3', 'evaluation': -2673, 'num_eval': -1, 'time': 0.000335693359375}, {'move': 'g1h1', 'evaluation': 220.8, 'num_eval': 325, 'time': 0.4767327308654785}, {'move': 'e2f1', 'evaluation': None, 'num_eval': -1, 'time': 0.00035500526428222656}, {'move': 'h1h2', 'evaluation': -10000000000171, 'num_eval': 158, 'time': 0.2418529987335205}, {'move': 'g3g2', 'evaluation': None, 'num_eval': -1, 'time': 0.0002930164337158203}]",minimax_iterative_depth_3,stockfish_700,stockfish_700
19,1,1,0,"[{'move': 'e2e4', 'evaluation': 49, 'num_eval': -1, 'time': 0.001168966293334961}, {'move': 'f7f5', 'evaluation': -486.8, 'num_eval': 4345, 'time': 3.0120849609375}, {'move': 'e4f5', 'evaluation': 137, 'num_eval': -1, 'time': 0.0003902912139892578}, {'move': 'd7d5', 'evaluation': -361.4, 'num_eval': 5398, 'time': 4.513213872909546}, {'move': 'f1g3', 'evaluation': 184, 'num_eval': -1, 'time': 0.0005431175231933594}, {'move': 'c7c5', 'evaluation': -176.3, 'num_eval': 7592, 'time': 5.9685680866241455}, {'move': 'd1c3', 'evaluation': 140, 'num_eval': -1, 'time': 0.0007541179656982422}, {'move': 'h7h5', 'evaluation': 23.7, 'num_eval': 9418, 'time': 8.020888090133667}, {'move': 'c3d5', 'evaluation': 140, 'num_eval': -1, 'time': 0.0005381107330322266}, {'move': 'b7b5', 'evaluation': 219.8, 'num_eval': 5071, 'time': 4.6267290115356445}, {'move': 'd5e7', 'evaluation': 290, 'num_eval': -1, 'time': 0.0007410049438476562}, {'move': 'e8e7', 'evaluation': 266.0, 'num_eval': 1236, 'time': 1.3611500263214111}, {'move': 'e1e7', 'evaluation': 667, 'num_eval': -1, 'time': 0.00041174888610839844}, {'move': 'a7a5', 'evaluation': 187.0, 'num_eval': 2979, 'time': 2.5796539783477783}, {'move': 'e7d8', 'evaluation': 892, 'num_eval': -1, 'time': 0.0004620552062988281}, {'move': 'g7g5', 'evaluation': 187.2, 'num_eval': 3276, 'time': 2.5685579776763916}, {'move': 'g3e4', 'evaluation': 1328, 'num_eval': -1, 'time': 0.0003609657287597656}, {'move': 'g8g7', 'evaluation': 257.7, 'num_eval': 3270, 'time': 3.5664069652557373}, {'move': 'd8g5', 'evaluation': 1331, 'num_eval': -1, 'time': 0.00044798851013183594}, {'move': 'f8g6', 'evaluation': 291.4, 'num_eval': 489, 'time': 0.6220529079437256}, {'move': 'g5f6', 'evaluation': 1548, 'num_eval': -1, 'time': 0.0003662109375}, {'move': 'g7g8', 'evaluation': 291.4, 'num_eval': 306, 'time': 0.4009571075439453}, {'move': 'f5g6', 'evaluation': 1548, 'num_eval': -1, 'time': 0.0004379749298095703}, {'move': 'b8h2', 'evaluation': 250.9, 'num_eval': 1525, 'time': 1.7313508987426758}, {'move': 'h1h2', 'evaluation': 1691, 'num_eval': -1, 'time': 0.0002999305725097656}, {'move': 'h8h7', 'evaluation': 120.6, 'num_eval': 1499, 'time': 1.7674849033355713}, {'move': 'g6h7', 'evaluation': 2473, 'num_eval': -1, 'time': 0.00036597251892089844}, {'move': 'g8h7', 'evaluation': 40.7, 'num_eval': 103, 'time': 0.14652800559997559}, {'move': 'f6f7', 'evaluation': None, 'num_eval': -1, 'time': 0.0003180503845214844}, {'move': 'h7h8', 'evaluation': -10000000000076, 'num_eval': 179, 'time': 0.2436051368713379}, {'move': 'h2h5', 'evaluation': None, 'num_eval': -1, 'time': 0.0003120899200439453}]",stockfish_700,minimax_iterative_depth_3,stockfish_700
20,0,0,1,"[{'move': 'f2f3', 'evaluation': 798.8, 'num_eval': 3799, 'time': 2.361693859100342}, {'move': 'd7d5', 'evaluation': -13, 'num_eval': -1, 'time': 0.0006368160247802734}, {'move': 'c2c4', 'evaluation': 737.8, 'num_eval': 6108, 'time': 4.9713969230651855}, {'move': 'd5d4', 'evaluation': -58, 'num_eval': -1, 'time': 0.0004401206970214844}, {'move': 'b2b3', 'evaluation': 753.6, 'num_eval': 6028, 'time': 5.036518335342407}, {'move': 'h7h5', 'evaluation': -84, 'num_eval': -1, 'time': 0.00044989585876464844}, {'move': 'b1h7', 'evaluation': 683.5, 'num_eval': 7822, 'time': 7.9113757610321045}, {'move': 'h8h7', 'evaluation': -757, 'num_eval': -1, 'time': 0.0003190040588378906}, {'move': 'g2g4', 'evaluation': 623.0, 'num_eval': 5017, 'time': 5.208050966262817}, {'move': 'h5g4', 'evaluation': -838, 'num_eval': -1, 'time': 0.0003898143768310547}, {'move': 'e1h4', 'evaluation': 696.8, 'num_eval': 5298, 'time': 6.188200950622559}, {'move': 'h7h4', 'evaluation': -1060, 'num_eval': -1, 'time': 0.0003712177276611328}, {'move': 'd2d3', 'evaluation': 571.7, 'num_eval': 5432, 'time': 6.524776935577393}, {'move': 'c7c5', 'evaluation': -1118, 'num_eval': -1, 'time': 0.000492095947265625}, {'move': 'h2h3', 'evaluation': 426.9, 'num_eval': 6053, 'time': 7.580595970153809}, {'move': 'g4g3', 'evaluation': -1159, 'num_eval': -1, 'time': 0.0004138946533203125}, {'move': 'f1g3', 'evaluation': 401.4, 'num_eval': 6368, 'time': 8.177490949630737}, {'move': 'b8g3', 'evaluation': -1208, 'num_eval': -1, 'time': 0.00031113624572753906}, {'move': 'h1h2', 'evaluation': 460.7, 'num_eval': 4632, 'time': 6.218366384506226}, {'move': 'g3h2', 'evaluation': -1355, 'num_eval': -1, 'time': 0.00034880638122558594}, {'move': 'g1h2', 'evaluation': 431.4, 'num_eval': 668, 'time': 0.8155431747436523}, {'move': 'e8d7', 'evaluation': -1650, 'num_eval': -1, 'time': 0.0003039836883544922}, {'move': 'd1f2', 'evaluation': 420.7, 'num_eval': 1417, 'time': 1.4167509078979492}, {'move': 'd7e6', 'evaluation': -1818, 'num_eval': -1, 'time': 0.000370025634765625}, {'move': 'h2g2', 'evaluation': 385.9, 'num_eval': 3107, 'time': 3.739030122756958}, {'move': 'e6e2', 'evaluation': -1630, 'num_eval': -1, 'time': 0.0002980232238769531}, {'move': 'a2a4', 'evaluation': 286.7, 'num_eval': 1622, 'time': 1.921604871749878}, {'move': 'h4h3', 'evaluation': -1941, 'num_eval': -1, 'time': 0.0004100799560546875}, {'move': 'g2g1', 'evaluation': 225.1, 'num_eval': 1738, 'time': 2.383103132247925}, {'move': 'h3g3', 'evaluation': -2673, 'num_eval': -1, 'time': 0.0003330707550048828}, {'move': 'g1h1', 'evaluation': 220.8, 'num_eval': 325, 'time': 0.4770979881286621}, {'move': 'e2f1', 'evaluation': None, 'num_eval': -1, 'time': 0.0003497600555419922}, {'move': 'h1h2', 'evaluation': -10000000000171, 'num_eval': 158, 'time': 0.24086284637451172}, {'move': 'g3g2', 'evaluation': None, 'num_eval': -1, 'time': 0.0002930164337158203}]",minimax_iterative_depth_3,stockfish_300,stockfish_300
21,1,1,0,"[{'move': 'e2e4', 'evaluation': 49, 'num_eval': -1, 'time': 0.0008628368377685547}, {'move': 'f7f5', 'evaluation': -486.8, 'num_eval': 4345, 'time': 3.003695011138916}, {'move': 'e4f5', 'evaluation': 137, 'num_eval': -1, 'time': 0.00039386749267578125}, {'move': 'd7d5', 'evaluation': -361.4, 'num_eval': 5398, 'time': 4.45880389213562}, {'move': 'f1g3', 'evaluation': 184, 'num_eval': -1, 'time': 0.0005719661712646484}, {'move': 'c7c5', 'evaluation': -176.3, 'num_eval': 7592, 'time': 5.957786321640015}, {'move': 'd1c3', 'evaluation': 140, 'num_eval': -1, 'time': 0.0006527900695800781}, {'move': 'h7h5', 'evaluation': 23.7, 'num_eval': 9418, 'time': 8.012097120285034}, {'move': 'c3d5', 'evaluation': 140, 'num_eval': -1, 'time': 0.0005152225494384766}, {'move': 'b7b5', 'evaluation': 219.8, 'num_eval': 5071, 'time': 4.6061999797821045}, {'move': 'd5e7', 'evaluation': 290, 'num_eval': -1, 'time': 0.0007171630859375}, {'move': 'e8e7', 'evaluation': 266.0, 'num_eval': 1236, 'time': 1.3598442077636719}, {'move': 'e1e7', 'evaluation': 667, 'num_eval': -1, 'time': 0.0003941059112548828}, {'move': 'a7a5', 'evaluation': 187.0, 'num_eval': 2979, 'time': 2.5821268558502197}, {'move': 'e7d8', 'evaluation': 892, 'num_eval': -1, 'time': 0.00043702125549316406}, {'move': 'g7g5', 'evaluation': 187.2, 'num_eval': 3276, 'time': 2.57926607131958}, {'move': 'g3e4', 'evaluation': 1328, 'num_eval': -1, 'time': 0.00037097930908203125}, {'move': 'g8g7', 'evaluation': 257.7, 'num_eval': 3270, 'time': 3.567085027694702}, {'move': 'd8g5', 'evaluation': 1331, 'num_eval': -1, 'time': 0.00044798851013183594}, {'move': 'f8g6', 'evaluation': 291.4, 'num_eval': 489, 'time': 0.6224057674407959}, {'move': 'g5f6', 'evaluation': 1548, 'num_eval': -1, 'time': 0.0003387928009033203}, {'move': 'g7g8', 'evaluation': 291.4, 'num_eval': 306, 'time': 0.4002339839935303}, {'move': 'f5g6', 'evaluation': 1548, 'num_eval': -1, 'time': 0.0004029273986816406}, {'move': 'b8h2', 'evaluation': 250.9, 'num_eval': 1525, 'time': 1.7262589931488037}, {'move': 'h1h2', 'evaluation': 1691, 'num_eval': -1, 'time': 0.0002770423889160156}, {'move': 'h8h7', 'evaluation': 120.6, 'num_eval': 1499, 'time': 1.7663187980651855}, {'move': 'g6h7', 'evaluation': 2473, 'num_eval': -1, 'time': 0.00034809112548828125}, {'move': 'g8h7', 'evaluation': 40.7, 'num_eval': 103, 'time': 0.14599013328552246}, {'move': 'f6f7', 'evaluation': None, 'num_eval': -1, 'time': 0.0002999305725097656}, {'move': 'h7h8', 'evaluation': -10000000000076, 'num_eval': 179, 'time': 0.24266791343688965}, {'move': 'h2h5', 'evaluation': None, 'num_eval': -1, 'time': 0.0002989768981933594}]",stockfish_300,minimax_iterative_depth_3,stockfish_300
22,0,0,1,"[{'move': 'f2f3', 'evaluation': 798.8, 'num_eval': 3799, 'time': 2.354530096054077}, {'move': 'd7d5', 'evaluation': -13, 'num_eval': -1, 'time': 0.0006837844848632812}, {'move': 'c2c4', 'evaluation': 737.8, 'num_eval': 6108, 'time': 4.974477052688599}, {'move': 'd5d4', 'evaluation': -58, 'num_eval': -1, 'time': 0.0004112720489501953}, {'move': 'b2b3', 'evaluation': 753.6, 'num_eval': 6028, 'time': 5.0445239543914795}, {'move': 'h7h5', 'evaluation': -84, 'num_eval': -1, 'time': 0.0004680156707763672}, {'move': 'b1h7', 'evaluation': 683.5, 'num_eval': 7822, 'time': 7.934039831161499}, {'move': 'h8h7', 'evaluation': -757, 'num_eval': -1, 'time': 0.0003249645233154297}, {'move': 'g2g4', 'evaluation': 623.0, 'num_eval': 5017, 'time': 5.184000015258789}, {'move': 'h5g4', 'evaluation': -838, 'num_eval': -1, 'time': 0.000370025634765625}, {'move': 'e1h4', 'evaluation': 696.8, 'num_eval': 5298, 'time': 6.15008807182312}, {'move': 'h7h4', 'evaluation': -1060, 'num_eval': -1, 'time': 0.000370025634765625}, {'move': 'd2d3', 'evaluation': 571.7, 'num_eval': 5432, 'time': 6.504061222076416}, {'move': 'c7c5', 'evaluation': -1118, 'num_eval': -1, 'time': 0.0004661083221435547}, {'move': 'h2h3', 'evaluation': 426.9, 'num_eval': 6053, 'time': 7.585453033447266}, {'move': 'g4g3', 'evaluation': -1159, 'num_eval': -1, 'time': 0.0004048347473144531}, {'move': 'f1g3', 'evaluation': 401.4, 'num_eval': 6368, 'time': 8.17400312423706}, {'move': 'b8g3', 'evaluation': -1208, 'num_eval': -1, 'time': 0.00032711029052734375}, {'move': 'h1h2', 'evaluation': 460.7, 'num_eval': 4632, 'time': 6.2191321849823}, {'move': 'g3h2', 'evaluation': -1355, 'num_eval': -1, 'time': 0.0003299713134765625}, {'move': 'g1h2', 'evaluation': 431.4, 'num_eval': 668, 'time': 0.8164341449737549}, {'move': 'e8d7', 'evaluation': -1650, 'num_eval': -1, 'time': 0.00033783912658691406}, {'move': 'd1f2', 'evaluation': 420.7, 'num_eval': 1417, 'time': 1.420194149017334}, {'move': 'd7e6', 'evaluation': -1818, 'num_eval': -1, 'time': 0.00035691261291503906}, {'move': 'h2g2', 'evaluation': 385.9, 'num_eval': 3107, 'time': 3.7461049556732178}, {'move': 'e6e2', 'evaluation': -1630, 'num_eval': -1, 'time': 0.0002841949462890625}, {'move': 'a2a4', 'evaluation': 286.7, 'num_eval': 1622, 'time': 1.922609806060791}, {'move': 'h4h3', 'evaluation': -1941, 'num_eval': -1, 'time': 0.0003581047058105469}, {'move': 'g2g1', 'evaluation': 225.1, 'num_eval': 1738, 'time': 2.3876731395721436}, {'move': 'h3g3', 'evaluation': -2673, 'num_eval': -1, 'time': 0.00035691261291503906}, {'move': 'g1h1', 'evaluation': 220.8, 'num_eval': 325, 'time': 0.47693324089050293}, {'move': 'e2f1', 'evaluation': None, 'num_eval': -1, 'time': 0.00034618377685546875}, {'move': 'h1h2', 'evaluation': -10000000000171, 'num_eval': 158, 'time': 0.2413341999053955}, {'move': 'g3g2', 'evaluation': None, 'num_eval': -1, 'time': 0.00028705596923828125}]",minimax_iterative_depth_3,stockfish_100,stockfish_100
23,1,1,0,"[{'move': 'e2e4', 'evaluation': 49, 'num_eval': -1, 'time': 0.0009620189666748047}, {'move': 'f7f5', 'evaluation': -486.8, 'num_eval': 4345, 'time': 3.0134239196777344}, {'move': 'e4f5', 'evaluation': 137, 'num_eval': -1, 'time': 0.0004241466522216797}, {'move': 'd7d5', 'evaluation': -361.4, 'num_eval': 5398, 'time': 4.4789628982543945}, {'move': 'f1g3', 'evaluation': 184, 'num_eval': -1, 'time': 0.0005540847778320312}, {'move': 'c7c5', 'evaluation': -176.3, 'num_eval': 7592, 'time': 5.97597074508667}, {'move': 'd1c3', 'evaluation': 140, 'num_eval': -1, 'time': 0.0006279945373535156}, {'move': 'h7h5', 'evaluation': 23.7, 'num_eval': 9418, 'time': 8.047453880310059}, {'move': 'c3d5', 'evaluation': 140, 'num_eval': -1, 'time': 0.00047206878662109375}, {'move': 'b7b5', 'evaluation': 219.8, 'num_eval': 5071, 'time': 4.629079818725586}, {'move': 'd5e7', 'evaluation': 290, 'num_eval': -1, 'time': 0.0006809234619140625}, {'move': 'e8e7', 'evaluation': 266.0, 'num_eval': 1236, 'time': 1.366060733795166}, {'move': 'e1e7', 'evaluation': 667, 'num_eval': -1, 'time': 0.0003421306610107422}, {'move': 'a7a5', 'evaluation': 187.0, 'num_eval': 2979, 'time': 2.5965211391448975}, {'move': 'e7d8', 'evaluation': 892, 'num_eval': -1, 'time': 0.0003840923309326172}, {'move': 'g7g5', 'evaluation': 187.2, 'num_eval': 3276, 'time': 2.6033718585968018}, {'move': 'g3e4', 'evaluation': 1328, 'num_eval': -1, 'time': 0.0003237724304199219}, {'move': 'g8g7', 'evaluation': 257.7, 'num_eval': 3270, 'time': 4.185781002044678}, {'move': 'd8g5', 'evaluation': 1331, 'num_eval': -1, 'time': 0.0004911422729492188}, {'move': 'f8g6', 'evaluation': 291.4, 'num_eval': 489, 'time': 0.6220071315765381}, {'move': 'g5f6', 'evaluation': 1548, 'num_eval': -1, 'time': 0.0003769397735595703}, {'move': 'g7g8', 'evaluation': 291.4, 'num_eval': 306, 'time': 0.40118980407714844}, {'move': 'f5g6', 'evaluation': 1548, 'num_eval': -1, 'time': 0.0003941059112548828}, {'move': 'b8h2', 'evaluation': 250.9, 'num_eval': 1525, 'time': 1.7372069358825684}, {'move': 'h1h2', 'evaluation': 1691, 'num_eval': -1, 'time': 0.0003719329833984375}, {'move': 'h8h7', 'evaluation': 120.6, 'num_eval': 1499, 'time': 61.20776700973511}, {'move': 'g6h7', 'evaluation': 2473, 'num_eval': -1, 'time': 0.0019383430480957031}, {'move': 'g8h7', 'evaluation': 40.7, 'num_eval': 103, 'time': 0.1534721851348877}, {'move': 'f6f7', 'evaluation': None, 'num_eval': -1, 'time': 0.0004279613494873047}, {'move': 'h7h8', 'evaluation': -10000000000076, 'num_eval': 179, 'time': 0.25846195220947266}, {'move': 'h2h5', 'evaluation': None, 'num_eval': -1, 'time': 0.0005321502685546875}]",stockfish_100,minimax_iterative_depth_3,stockfish_100
24,0,0,1,"[{'move': 'f2f3', 'evaluation': 798.8, 'num_eval': 3799, 'time': 2.354618787765503}, {'move': 'd7d5', 'evaluation': -13, 'num_eval': -1, 'time': 0.0007359981536865234}, {'move': 'c2c4', 'evaluation': 737.8, 'num_eval': 6108, 'time': 4.954068183898926}, {'move': 'd5d4', 'evaluation': -58, 'num_eval': -1, 'time': 0.0004191398620605469}, {'move': 'b2b3', 'evaluation': 753.6, 'num_eval': 6028, 'time': 5.047317028045654}, {'move': 'h7h5', 'evaluation': -84, 'num_eval': -1, 'time': 0.0004699230194091797}, {'move': 'b1h7', 'evaluation': 683.5, 'num_eval': 7822, 'time': 7.900445938110352}, {'move': 'h8h7', 'evaluation': -757, 'num_eval': -1, 'time': 0.00027871131896972656}, {'move': 'g2g4', 'evaluation': 623.0, 'num_eval': 5017, 'time': 5.193005800247192}, {'move': 'h5g4', 'evaluation': -838, 'num_eval': -1, 'time': 0.0004448890686035156}, {'move': 'e1h4', 'evaluation': 696.8, 'num_eval': 5298, 'time': 6.176461935043335}, {'move': 'h7h4', 'evaluation': -1060, 'num_eval': -1, 'time': 0.0004277229309082031}, {'move': 'd2d3', 'evaluation': 571.7, 'num_eval': 5432, 'time': 6.510590076446533}, {'move': 'c7c5', 'evaluation': -1118, 'num_eval': -1, 'time': 0.0004968643188476562}, {'move': 'h2h3', 'evaluation': 426.9, 'num_eval': 6053, 'time': 7.574046850204468}, {'move': 'g4g3', 'evaluation': -1159, 'num_eval': -1, 'time': 0.00041222572326660156}, {'move': 'f1g3', 'evaluation': 401.4, 'num_eval': 6368, 'time': 8.2328360080719}, {'move': 'b8g3', 'evaluation': -1208, 'num_eval': -1, 'time': 0.00029277801513671875}, {'move': 'h1h2', 'evaluation': 460.7, 'num_eval': 4632, 'time': 6.240487098693848}, {'move': 'g3h2', 'evaluation': -1355, 'num_eval': -1, 'time': 0.00033402442932128906}, {'move': 'g1h2', 'evaluation': 431.4, 'num_eval': 668, 'time': 0.8155560493469238}, {'move': 'e8d7', 'evaluation': -1650, 'num_eval': -1, 'time': 0.0003299713134765625}, {'move': 'd1f2', 'evaluation': 420.7, 'num_eval': 1417, 'time': 1.4200489521026611}, {'move': 'd7e6', 'evaluation': -1818, 'num_eval': -1, 'time': 0.00037097930908203125}, {'move': 'h2g2', 'evaluation': 385.9, 'num_eval': 3107, 'time': 3.7404000759124756}, {'move': 'e6e2', 'evaluation': -1630, 'num_eval': -1, 'time': 0.000335693359375}, {'move': 'a2a4', 'evaluation': 286.7, 'num_eval': 1622, 'time': 1.9215829372406006}, {'move': 'h4h3', 'evaluation': -1941, 'num_eval': -1, 'time': 0.0004611015319824219}, {'move': 'g2g1', 'evaluation': 225.1, 'num_eval': 1738, 'time': 2.3854920864105225}, {'move': 'h3g3', 'evaluation': -2673, 'num_eval': -1, 'time': 0.00032901763916015625}, {'move': 'g1h1', 'evaluation': 220.8, 'num_eval': 325, 'time': 0.4770328998565674}, {'move': 'e2f1', 'evaluation': None, 'num_eval': -1, 'time': 0.00032782554626464844}, {'move': 'h1h2', 'evaluation': -10000000000171, 'num_eval': 158, 'time': 0.24126720428466797}, {'move': 'g3g2', 'evaluation': None, 'num_eval': -1, 'time': 0.0002830028533935547}]",minimax_iterative_depth_3,stockfish_600,stockfish_600
25,1,1,0,"[{'move': 'e2e4', 'evaluation': 49, 'num_eval': -1, 'time': 0.0011661052703857422}, {'move': 'f7f5', 'evaluation': -486.8, 'num_eval': 4345, 'time': 3.002588987350464}, {'move': 'e4f5', 'evaluation': 137, 'num_eval': -1, 'time': 0.0003998279571533203}, {'move': 'd7d5', 'evaluation': -361.4, 'num_eval': 5398, 'time': 4.457205057144165}, {'move': 'f1g3', 'evaluation': 184, 'num_eval': -1, 'time': 0.0006201267242431641}, {'move': 'c7c5', 'evaluation': -176.3, 'num_eval': 7592, 'time': 5.977845907211304}, {'move': 'd1c3', 'evaluation': 140, 'num_eval': -1, 'time': 0.0006270408630371094}, {'move': 'h7h5', 'evaluation': 23.7, 'num_eval': 9418, 'time': 8.025573968887329}, {'move': 'c3d5', 'evaluation': 140, 'num_eval': -1, 'time': 0.0005218982696533203}, {'move': 'b7b5', 'evaluation': 219.8, 'num_eval': 5071, 'time': 4.609500885009766}, {'move': 'd5e7', 'evaluation': 290, 'num_eval': -1, 'time': 0.0007531642913818359}, {'move': 'e8e7', 'evaluation': 266.0, 'num_eval': 1236, 'time': 1.3595879077911377}, {'move': 'e1e7', 'evaluation': 667, 'num_eval': -1, 'time': 0.00037598609924316406}, {'move': 'a7a5', 'evaluation': 187.0, 'num_eval': 2979, 'time': 2.5822248458862305}, {'move': 'e7d8', 'evaluation': 892, 'num_eval': -1, 'time': 0.00043892860412597656}, {'move': 'g7g5', 'evaluation': 187.2, 'num_eval': 3276, 'time': 2.569622039794922}, {'move': 'g3e4', 'evaluation': 1328, 'num_eval': -1, 'time': 0.0003428459167480469}, {'move': 'g8g7', 'evaluation': 257.7, 'num_eval': 3270, 'time': 3.5668179988861084}, {'move': 'd8g5', 'evaluation': 1331, 'num_eval': -1, 'time': 0.00043010711669921875}, {'move': 'f8g6', 'evaluation': 291.4, 'num_eval': 489, 'time': 0.6228938102722168}, {'move': 'g5f6', 'evaluation': 1548, 'num_eval': -1, 'time': 0.0003609657287597656}, {'move': 'g7g8', 'evaluation': 291.4, 'num_eval': 306, 'time': 0.4004480838775635}, {'move': 'f5g6', 'evaluation': 1548, 'num_eval': -1, 'time': 0.0003788471221923828}, {'move': 'b8h2', 'evaluation': 250.9, 'num_eval': 1525, 'time': 1.7340772151947021}, {'move': 'h1h2', 'evaluation': 1691, 'num_eval': -1, 'time': 0.00028705596923828125}, {'move': 'h8h7', 'evaluation': 120.6, 'num_eval': 1499, 'time': 1.7682631015777588}, {'move': 'g6h7', 'evaluation': 2473, 'num_eval': -1, 'time': 0.00037360191345214844}, {'move': 'g8h7', 'evaluation': 40.7, 'num_eval': 103, 'time': 0.1463909149169922}, {'move': 'f6f7', 'evaluation': None, 'num_eval': -1, 'time': 0.0003180503845214844}, {'move': 'h7h8', 'evaluation': -10000000000076, 'num_eval': 179, 'time': 0.24326705932617188}, {'move': 'h2h5', 'evaluation': None, 'num_eval': -1, 'time': 0.0003037452697753906}]",stockfish_600,minimax_iterative_depth_3,stockfish_600
26,0,0,1,"[{'move': 'f2f3', 'evaluation': 798.8, 'num_eval': 3799, 'time': 2.350369930267334}, {'move': 'd7d5', 'evaluation': -13, 'num_eval': -1, 'time': 0.0006709098815917969}, {'move': 'c2c4', 'evaluation': 737.8, 'num_eval': 6108, 'time': 4.954575061798096}, {'move': 'd5d4', 'evaluation': -58, 'num_eval': -1, 'time': 0.0004379749298095703}, {'move': 'b2b3', 'evaluation': 753.6, 'num_eval': 6028, 'time': 5.034045219421387}, {'move': 'h7h5', 'evaluation': -84, 'num_eval': -1, 'time': 0.0004589557647705078}, {'move': 'b1h7', 'evaluation': 683.5, 'num_eval': 7822, 'time': 7.900152206420898}, {'move': 'h8h7', 'evaluation': -757, 'num_eval': -1, 'time': 0.00029206275939941406}, {'move': 'g2g4', 'evaluation': 623.0, 'num_eval': 5017, 'time': 5.18403697013855}, {'move': 'h5g4', 'evaluation': -838, 'num_eval': -1, 'time': 0.0003898143768310547}, {'move': 'e1h4', 'evaluation': 696.8, 'num_eval': 5298, 'time': 6.178581953048706}, {'move': 'h7h4', 'evaluation': -1060, 'num_eval': -1, 'time': 0.00046825408935546875}, {'move': 'd2d3', 'evaluation': 571.7, 'num_eval': 5432, 'time': 6.4995338916778564}, {'move': 'c7c5', 'evaluation': -1118, 'num_eval': -1, 'time': 0.00046181678771972656}, {'move': 'h2h3', 'evaluation': 426.9, 'num_eval': 6053, 'time': 7.578582048416138}, {'move': 'g4g3', 'evaluation': -1159, 'num_eval': -1, 'time': 0.00040602684020996094}, {'move': 'f1g3', 'evaluation': 401.4, 'num_eval': 6368, 'time': 8.194671869277954}, {'move': 'b8g3', 'evaluation': -1208, 'num_eval': -1, 'time': 0.00030803680419921875}, {'move': 'h1h2', 'evaluation': 460.7, 'num_eval': 4632, 'time': 6.222860097885132}, {'move': 'g3h2', 'evaluation': -1355, 'num_eval': -1, 'time': 0.0003428459167480469}, {'move': 'g1h2', 'evaluation': 431.4, 'num_eval': 668, 'time': 0.8172919750213623}, {'move': 'e8d7', 'evaluation': -1650, 'num_eval': -1, 'time': 0.00031185150146484375}, {'move': 'd1f2', 'evaluation': 420.7, 'num_eval': 1417, 'time': 1.4176130294799805}, {'move': 'd7e6', 'evaluation': -1818, 'num_eval': -1, 'time': 0.00039005279541015625}, {'move': 'h2g2', 'evaluation': 385.9, 'num_eval': 3107, 'time': 3.739118814468384}, {'move': 'e6e2', 'evaluation': -1630, 'num_eval': -1, 'time': 0.0003268718719482422}, {'move': 'a2a4', 'evaluation': 286.7, 'num_eval': 1622, 'time': 1.921828031539917}, {'move': 'h4h3', 'evaluation': -1941, 'num_eval': -1, 'time': 0.000370025634765625}, {'move': 'g2g1', 'evaluation': 225.1, 'num_eval': 1738, 'time': 2.387813091278076}, {'move': 'h3g3', 'evaluation': -2673, 'num_eval': -1, 'time': 0.00034999847412109375}, {'move': 'g1h1', 'evaluation': 220.8, 'num_eval': 325, 'time': 0.47789502143859863}, {'move': 'e2f1', 'evaluation': None, 'num_eval': -1, 'time': 0.00034308433532714844}, {'move': 'h1h2', 'evaluation': -10000000000171, 'num_eval': 158, 'time': 0.24124598503112793}, {'move': 'g3g2', 'evaluation': None, 'num_eval': -1, 'time': 0.0003020763397216797}]",minimax_iterative_depth_3,stockfish_400,stockfish_400
27,1,1,0,"[{'move': 'e2e4', 'evaluation': 49, 'num_eval': -1, 'time': 0.0014116764068603516}, {'move': 'f7f5', 'evaluation': -486.8, 'num_eval': 4345, 'time': 3.0038349628448486}, {'move': 'e4f5', 'evaluation': 137, 'num_eval': -1, 'time': 0.0004489421844482422}, {'move': 'd7d5', 'evaluation': -361.4, 'num_eval': 5398, 'time': 4.459403038024902}, {'move': 'f1g3', 'evaluation': 184, 'num_eval': -1, 'time': 0.0006420612335205078}, {'move': 'c7c5', 'evaluation': -176.3, 'num_eval': 7592, 'time': 5.978943109512329}, {'move': 'd1c3', 'evaluation': 140, 'num_eval': -1, 'time': 0.0007233619689941406}, {'move': 'h7h5', 'evaluation': 23.7, 'num_eval': 9418, 'time': 8.01653504371643}, {'move': 'c3d5', 'evaluation': 140, 'num_eval': -1, 'time': 0.0005223751068115234}, {'move': 'b7b5', 'evaluation': 219.8, 'num_eval': 5071, 'time': 4.604646921157837}, {'move': 'd5e7', 'evaluation': 290, 'num_eval': -1, 'time': 0.0007619857788085938}, {'move': 'e8e7', 'evaluation': 266.0, 'num_eval': 1236, 'time': 1.3601272106170654}, {'move': 'e1e7', 'evaluation': 667, 'num_eval': -1, 'time': 0.00039196014404296875}, {'move': 'a7a5', 'evaluation': 187.0, 'num_eval': 2979, 'time': 2.5814621448516846}, {'move': 'e7d8', 'evaluation': 892, 'num_eval': -1, 'time': 0.0004668235778808594}, {'move': 'g7g5', 'evaluation': 187.2, 'num_eval': 3276, 'time': 2.5689430236816406}, {'move': 'g3e4', 'evaluation': 1328, 'num_eval': -1, 'time': 0.0003299713134765625}, {'move': 'g8g7', 'evaluation': 257.7, 'num_eval': 3270, 'time': 3.569676637649536}, {'move': 'd8g5', 'evaluation': 1331, 'num_eval': -1, 'time': 0.0004458427429199219}, {'move': 'f8g6', 'evaluation': 291.4, 'num_eval': 489, 'time': 0.6208829879760742}, {'move': 'g5f6', 'evaluation': 1548, 'num_eval': -1, 'time': 0.0004150867462158203}, {'move': 'g7g8', 'evaluation': 291.4, 'num_eval': 306, 'time': 0.3999640941619873}, {'move': 'f5g6', 'evaluation': 1548, 'num_eval': -1, 'time': 0.00037980079650878906}, {'move': 'b8h2', 'evaluation': 250.9, 'num_eval': 1525, 'time': 1.73197603225708}, {'move': 'h1h2', 'evaluation': 1691, 'num_eval': -1, 'time': 0.00027489662170410156}, {'move': 'h8h7', 'evaluation': 120.6, 'num_eval': 1499, 'time': 1.769106149673462}, {'move': 'g6h7', 'evaluation': 2473, 'num_eval': -1, 'time': 0.0003299713134765625}, {'move': 'g8h7', 'evaluation': 40.7, 'num_eval': 103, 'time': 0.1461479663848877}, {'move': 'f6f7', 'evaluation': None, 'num_eval': -1, 'time': 0.0002989768981933594}, {'move': 'h7h8', 'evaluation': -10000000000076, 'num_eval': 179, 'time': 0.24672579765319824}, {'move': 'h2h5', 'evaluation': None, 'num_eval': -1, 'time': 0.00037407875061035156}]",stockfish_400,minimax_iterative_depth_3,stockfish_400
28,0,0,1,"[{'move': 'f2f3', 'evaluation': 798.8, 'num_eval': 3799, 'time': 2.3575539588928223}, {'move': 'd7d5', 'evaluation': -13, 'num_eval': -1, 'time': 0.0006091594696044922}, {'move': 'c2c4', 'evaluation': 737.8, 'num_eval': 6108, 'time': 4.963604927062988}, {'move': 'd5d4', 'evaluation': -58, 'num_eval': -1, 'time': 0.00045299530029296875}, {'move': 'b2b3', 'evaluation': 753.6, 'num_eval': 6028, 'time': 5.02164101600647}, {'move': 'h7h5', 'evaluation': -84, 'num_eval': -1, 'time': 0.0004420280456542969}, {'move': 'b1h7', 'evaluation': 683.5, 'num_eval': 7822, 'time': 7.917320966720581}, {'move': 'h8h7', 'evaluation': -757, 'num_eval': -1, 'time': 0.0003859996795654297}, {'move': 'g2g4', 'evaluation': 623.0, 'num_eval': 5017, 'time': 5.206933975219727}, {'move': 'h5g4', 'evaluation': -838, 'num_eval': -1, 'time': 0.0004949569702148438}, {'move': 'e1h4', 'evaluation': 696.8, 'num_eval': 5298, 'time': 6.148240089416504}, {'move': 'h7h4', 'evaluation': -1060, 'num_eval': -1, 'time': 0.0004169940948486328}, {'move': 'd2d3', 'evaluation': 571.7, 'num_eval': 5432, 'time': 6.496933221817017}, {'move': 'c7c5', 'evaluation': -1118, 'num_eval': -1, 'time': 0.0005152225494384766}, {'move': 'h2h3', 'evaluation': 426.9, 'num_eval': 6053, 'time': 7.5864808559417725}, {'move': 'g4g3', 'evaluation': -1159, 'num_eval': -1, 'time': 0.0004467964172363281}, {'move': 'f1g3', 'evaluation': 401.4, 'num_eval': 6368, 'time': 8.179914951324463}, {'move': 'b8g3', 'evaluation': -1208, 'num_eval': -1, 'time': 0.0003299713134765625}, {'move': 'h1h2', 'evaluation': 460.7, 'num_eval': 4632, 'time': 6.216711044311523}, {'move': 'g3h2', 'evaluation': -1355, 'num_eval': -1, 'time': 0.0003540515899658203}, {'move': 'g1h2', 'evaluation': 431.4, 'num_eval': 668, 'time': 0.8163578510284424}, {'move': 'e8d7', 'evaluation': -1650, 'num_eval': -1, 'time': 0.0003287792205810547}, {'move': 'd1f2', 'evaluation': 420.7, 'num_eval': 1417, 'time': 1.4197869300842285}, {'move': 'd7e6', 'evaluation': -1818, 'num_eval': -1, 'time': 0.0003829002380371094}, {'move': 'h2g2', 'evaluation': 385.9, 'num_eval': 3107, 'time': 3.741204023361206}, {'move': 'e6e2', 'evaluation': -1630, 'num_eval': -1, 'time': 0.0003190040588378906}, {'move': 'a2a4', 'evaluation': 286.7, 'num_eval': 1622, 'time': 1.9228167533874512}, {'move': 'h4h3', 'evaluation': -1941, 'num_eval': -1, 'time': 0.00045990943908691406}, {'move': 'g2g1', 'evaluation': 225.1, 'num_eval': 1738, 'time': 2.385732650756836}, {'move': 'h3g3', 'evaluation': -2673, 'num_eval': -1, 'time': 0.0003609657287597656}, {'move': 'g1h1', 'evaluation': 220.8, 'num_eval': 325, 'time': 0.4765300750732422}, {'move': 'e2f1', 'evaluation': None, 'num_eval': -1, 'time': 0.0003561973571777344}, {'move': 'h1h2', 'evaluation': -10000000000171, 'num_eval': 158, 'time': 0.24131298065185547}, {'move': 'g3g2', 'evaluation': None, 'num_eval': -1, 'time': 0.0002899169921875}]",minimax_iterative_depth_3,stockfish_200,stockfish_200
29,1,1,0,"[{'move': 'e2e4', 'evaluation': 49, 'num_eval': -1, 'time': 0.0012900829315185547}, {'move': 'f7f5', 'evaluation': -486.8, 'num_eval': 4345, 'time': 3.0149471759796143}, {'move': 'e4f5', 'evaluation': 137, 'num_eval': -1, 'time': 0.00043010711669921875}, {'move': 'd7d5', 'evaluation': -361.4, 'num_eval': 5398, 'time': 4.464818954467773}, {'move': 'f1g3', 'evaluation': 184, 'num_eval': -1, 'time': 0.0006539821624755859}, {'move': 'c7c5', 'evaluation': -176.3, 'num_eval': 7592, 'time': 5.957747936248779}, {'move': 'd1c3', 'evaluation': 140, 'num_eval': -1, 'time': 0.0007731914520263672}, {'move': 'h7h5', 'evaluation': 23.7, 'num_eval': 9418, 'time': 8.013765811920166}, {'move': 'c3d5', 'evaluation': 140, 'num_eval': -1, 'time': 0.0005171298980712891}, {'move': 'b7b5', 'evaluation': 219.8, 'num_eval': 5071, 'time': 4.6051671504974365}, {'move': 'd5e7', 'evaluation': 290, 'num_eval': -1, 'time': 0.001065969467163086}, {'move': 'e8e7', 'evaluation': 266.0, 'num_eval': 1236, 'time': 1.3601198196411133}, {'move': 'e1e7', 'evaluation': 667, 'num_eval': -1, 'time': 0.0003719329833984375}, {'move': 'a7a5', 'evaluation': 187.0, 'num_eval': 2979, 'time': 2.582733154296875}, {'move': 'e7d8', 'evaluation': 892, 'num_eval': -1, 'time': 0.0005950927734375}, {'move': 'g7g5', 'evaluation': 187.2, 'num_eval': 3276, 'time': 2.5735487937927246}, {'move': 'g3e4', 'evaluation': 1328, 'num_eval': -1, 'time': 0.00041794776916503906}, {'move': 'g8g7', 'evaluation': 257.7, 'num_eval': 3270, 'time': 3.6218509674072266}, {'move': 'd8g5', 'evaluation': 1331, 'num_eval': -1, 'time': 0.0004649162292480469}, {'move': 'f8g6', 'evaluation': 291.4, 'num_eval': 489, 'time': 0.6218798160552979}, {'move': 'g5f6', 'evaluation': 1548, 'num_eval': -1, 'time': 0.0004150867462158203}, {'move': 'g7g8', 'evaluation': 291.4, 'num_eval': 306, 'time': 0.4006500244140625}, {'move': 'f5g6', 'evaluation': 1548, 'num_eval': -1, 'time': 0.0004260540008544922}, {'move': 'b8h2', 'evaluation': 250.9, 'num_eval': 1525, 'time': 1.7412240505218506}, {'move': 'h1h2', 'evaluation': 1691, 'num_eval': -1, 'time': 0.0003819465637207031}, {'move': 'h8h7', 'evaluation': 120.6, 'num_eval': 1499, 'time': 1.7685201168060303}, {'move': 'g6h7', 'evaluation': 2473, 'num_eval': -1, 'time': 0.00035190582275390625}, {'move': 'g8h7', 'evaluation': 40.7, 'num_eval': 103, 'time': 0.14609313011169434}, {'move': 'f6f7', 'evaluation': None, 'num_eval': -1, 'time': 0.00031375885009765625}, {'move': 'h7h8', 'evaluation': -10000000000076, 'num_eval': 179, 'time': 0.24354910850524902}, {'move': 'h2h5', 'evaluation': None, 'num_eval': -1, 'time': 0.00031113624572753906}]",stockfish_200,minimax_iterative_depth_3,stockfish_200
